time,low,high,open,close,volume
2020-01-02,6903.0,7186.18,7174.33,6945.02,8010.92738748
2020-01-03,6854.67,7401.2,6945.02,7334.45,14056.39238489
2020-01-04,7263.32,7398.0,7334.45,7348.63,4742.46620989
2020-01-05,7312.22,7488.87,7348.63,7355.4,5942.01494574
2020-01-06,7343.17,7805.0,7355.4,7764.63,11770.42968139
2020-01-07,7723.0,8216.0,7764.63,8158.52,19857.45754518
2020-01-08,7845.0,8469.39,8160.01,8045.51,23927.67532995
2020-01-09,7744.48,8048.67,8047.75,7813.78,9477.65983784
2020-01-10,7671.0,8199.77,7813.78,8198.09,13419.69851238
2020-01-11,8000.01,8290.0,8198.09,8020.0,7557.36879269
2020-01-12,7963.25,8185.0,8017.47,8180.81,3920.74009838
2020-01-13,8041.95,8195.81,8180.81,8104.5,6678.02840315
2020-01-14,8105.23,8893.69,8105.6,8815.69,27075.8082207
2020-01-15,8550.0,8900.0,8812.58,8808.81,14977.61979023
2020-01-16,8580.0,8850.0,8808.81,8714.76,9265.76423506
2020-01-17,8665.67,9013.0,8714.77,8899.42,15447.36512517
2020-01-18,8800.1,8980.0,8899.42,8909.32,5600.21827844
2020-01-19,8465.0,9194.99,8908.95,8697.53,15218.51476182
2020-01-20,8504.06,8734.84,8697.53,8628.89,5605.80561385
2020-01-21,8465.0,8774.31,8628.89,8722.03,7520.65103045
2020-01-22,8565.0,8791.76,8722.03,8660.38,5481.36960818
2020-01-23,8278.0,8665.0,8660.38,8385.22,12206.24491133
2020-01-24,8216.71,8509.99,8385.21,8427.26,8634.96792308
2020-01-25,8252.73,8437.76,8427.58,8326.81,3783.20831697
2020-01-26,8278.68,8595.0,8326.8,8595.0,5497.32293973
2020-01-27,8556.6,8985.0,8595.0,8895.96,9548.60475006
2020-01-28,8880.87,9418.91,8895.95,9394.5,17578.54006083
2020-01-29,9224.75,9439.83,9391.14,9288.44,12233.05063864
2020-01-30,9171.11,9574.68,9287.9,9503.08,12948.39766745
2020-01-31,9195.49,9522.5,9502.71,9334.98,9719.06131452
2020-02-01,9285.01,9458.08,9334.98,9380.18,4387.41986202
2020-02-02,9140.0,9480.0,9380.18,9323.5,7307.92291459
2020-02-03,9220.0,9619.95,9325.01,9280.49,11910.28572971
2020-02-04,9078.05,9350.0,9280.49,9164.33,8190.74898707
2020-02-05,9150.0,9769.7,9164.33,9613.82,13267.06193659
2020-02-06,9521.47,9857.0,9613.91,9763.01,12672.13678163
2020-02-07,9713.99,9885.0,9763.01,9808.05,8516.62840515
2020-02-08,9653.47,9955.0,9807.92,9905.64,8100.97112281
2020-02-09,9888.76,10178.91,9905.64,10168.35,9649.74938704
2020-02-10,9736.0,10199.0,10168.36,9851.78,13249.58715176
2020-02-11,9706.0,10400.0,9851.78,10270.01,16722.06581913
2020-02-12,10250.0,10483.86,10270.01,10351.13,13740.9848527
2020-02-13,10083.1,10522.51,10351.13,10236.49,17101.28534969
2020-02-14,10102.5,10395.66,10236.49,10371.33,8026.49620683
2020-02-15,9750.0,10400.0,10371.33,9911.22,12323.28859704
2020-02-16,9612.12,10048.34,9911.22,9921.0,9430.32887897
2020-02-17,9467.0,9969.38,9920.52,9700.0,10144.62802455
2020-02-18,9610.27,10298.25,9700.0,10188.04,11606.56132767
2020-02-19,9280.98,10315.0,10188.04,9600.08,16637.05014888
2020-02-20,9393.39,9698.1,9593.48,9610.05,12382.01006133
2020-02-21,9566.98,9769.66,9610.05,9695.66,7073.36617743
2020-02-22,9575.01,9722.97,9695.66,9668.23,3301.24362823
2020-02-23,9667.13,10025.66,9668.23,9965.01,5631.93728472
2020-02-24,9474.74,10030.0,9965.0,9660.0,11274.83220813
2020-02-25,9230.0,9681.56,9660.0,9305.0,9370.80406077
2020-02-26,8602.0,9375.36,9304.99,8778.3,21610.46289952
2020-02-27,8520.0,8972.92,8778.3,8812.49,14781.02020263
2020-02-28,8428.8,8899.94,8814.9,8708.89,13643.28590301
2020-02-29,8520.67,8799.0,8708.61,8525.07,5142.70830477
2020-03-01,8400.0,8752.34,8523.33,8522.31,7353.13960471
2020-03-02,8487.33,8973.45,8522.3,8915.0,10216.69254477
2020-03-03,8635.31,8927.45,8919.21,8757.84,9152.7069265
2020-03-04,8670.57,8847.0,8757.83,8760.66,5688.58509691
2020-03-05,8759.99,9174.24,8759.99,9070.17,10073.31421239
2020-03-06,9000.01,9182.08,9070.18,9158.51,6422.12885254
2020-03-07,8850.47,9214.67,9158.51,8901.37,6478.25334502
2020-03-08,8002.2,8901.37,8901.36,8037.76,16591.91410216
2020-03-09,7630.0,8187.03,8037.73,7934.52,25563.61417462
2020-03-10,7733.56,8158.25,7934.56,7894.68,17172.47130109
2020-03-11,7583.27,7987.97,7894.68,7938.05,13647.86513876
2020-03-12,4644.0,7969.45,7938.05,4857.1,113902.20332904
2020-03-13,3858.0,5995.0,4857.1,5637.6,130316.64684438
2020-03-14,5050.0,5669.0,5630.93,5165.25,32760.12278053
2020-03-15,5085.91,5985.0,5161.16,5345.35,43763.76236813
2020-03-16,4432.3,5350.3,5346.86,5037.61,80184.03685247
2020-03-17,4935.6,5569.44,5039.95,5331.71,44347.15487325
2020-03-18,5001.0,5452.82,5331.71,5413.64,37513.03523454
2020-03-19,5261.69,6441.37,5413.88,6186.26,54666.67461085
2020-03-20,5657.0,6990.0,6183.82,6206.1,53024.40103701
2020-03-21,5851.0,6470.0,6210.47,6198.78,23514.96653599
2020-03-22,5738.0,6420.0,6198.64,5818.25,28089.48698286
2020-03-23,5678.2,6641.03,5815.24,6490.63,42437.97070062
2020-03-24,6403.16,6866.1,6493.58,6766.64,40618.19870698
2020-03-25,6470.0,6983.31,6766.0,6690.96,31266.36827545
2020-03-26,6520.13,6795.0,6691.71,6758.18,17456.11705058
2020-03-27,6260.0,6880.0,6760.0,6372.36,20458.24402051
2020-03-28,6030.0,6372.36,6372.36,6251.82,20353.8748456
2020-03-29,5870.46,6279.96,6251.45,5877.21,16111.23637843
2020-03-30,5853.0,6631.23,5878.98,6406.4,23659.80264153
2020-03-31,6333.91,6524.79,6406.4,6424.35,11939.0253308
2020-04-01,6160.0,6744.99,6424.02,6666.11,17900.2508585
2020-04-02,6570.92,7292.11,6666.11,6804.52,28761.00804113
2020-04-03,6606.06,7050.0,6804.24,6741.99,14953.17963657
2020-04-04,6658.16,7025.53,6741.99,6874.77,10217.67907796
2020-04-05,6681.0,6925.0,6874.77,6778.25,8962.91059819
2020-04-06,6773.28,7373.37,6778.64,7341.56,27992.01318781
2020-04-07,7073.0,7466.0,7341.55,7200.01,22743.06622044
2020-04-08,7154.22,7430.0,7200.01,7370.11,15429.12191833
2020-04-09,7110.0,7377.0,7370.38,7293.24,12369.84267516
2020-04-10,6750.0,7305.91,7293.23,6871.91,19671.19020798
2020-04-11,6775.0,6955.0,6871.83,6889.65,8066.07536876
2020-04-12,6787.44,7200.0,6889.78,6908.13,12733.98839119
2020-04-13,6555.0,6908.13,6908.12,6861.21,22323.76661709
2020-04-14,6771.41,6997.38,6860.51,6877.37,12868.6061641
2020-04-15,6605.89,6940.0,6876.92,6624.12,14753.81361034
2020-04-16,6456.0,7217.27,6623.62,7112.64,28117.55707545
2020-04-17,7000.0,7156.66,7114.76,7037.46,13514.57644149
2020-04-18,7021.0,7308.0,7036.45,7261.76,11510.52116868
2020-04-19,7063.02,7275.0,7262.04,7130.71,8887.88875146
2020-04-20,6748.72,7227.11,7130.7,6838.19,18396.60555727
2020-04-21,6776.0,6959.0,6837.22,6853.68,14467.84248756
2020-04-22,6826.0,7167.37,6853.67,7136.84,13141.14072302
2020-04-23,7031.14,7775.0,7136.81,7488.83,22759.36481812
2020-04-24,7390.0,7612.24,7491.5,7514.64,13764.56695369
2020-04-25,7437.94,7720.0,7514.99,7547.61,7443.79619621
2020-04-26,7490.0,7715.0,7547.61,7706.4,9292.64077746
2020-04-27,7635.69,7810.99,7706.4,7789.77,15455.7361195
2020-04-28,7672.0,7794.74,7789.77,7755.01,10984.76643504
2020-04-29,7720.0,8988.0,7757.18,8793.75,48689.75030108
2020-04-30,8407.0,9478.66,8794.99,8624.28,44843.9646793
2020-05-01,8622.72,9075.98,8624.68,8829.42,21660.21988892
2020-05-02,8762.01,9025.0,8829.42,8985.58,10539.26528999
2020-05-03,8731.01,9203.52,8984.69,8909.95,17147.65372312
2020-05-04,8533.98,8970.0,8907.85,8883.53,18380.62654424
2020-05-05,8769.69,9126.27,8887.81,9028.79,16392.29936609
2020-05-06,8922.13,9418.0,9028.78,9155.79,27650.87868274
2020-05-07,9028.89,10079.0,9155.79,10004.77,39447.57511824
2020-05-08,9730.0,10049.0,10000.37,9810.0,26363.71688893
2020-05-09,9521.0,9920.73,9810.01,9537.21,17931.1748552
2020-05-10,8106.7,9559.98,9537.21,8729.86,50909.84429757
2020-05-11,8185.0,9182.66,8729.86,8572.4,39999.37731433
2020-05-12,8534.85,8982.9,8572.4,8821.42,20219.23699186
2020-05-13,8803.97,9420.18,8821.41,9321.26,21357.63022841
2020-05-14,9257.15,9943.93,9320.85,9795.34,28752.36041568
2020-05-15,9120.0,9849.0,9795.34,9312.1,25180.97967322
2020-05-16,9215.01,9594.99,9312.1,9383.16,10782.32773503
2020-05-17,9325.81,9896.0,9380.01,9676.63,13540.66294076
2020-05-18,9436.97,9957.25,9677.45,9728.52,17710.29958398
2020-05-19,9463.22,9898.0,9728.52,9783.76,15229.62610784
2020-05-20,9294.54,9836.99,9783.57,9509.41,16895.54925055
2020-05-21,8800.0,9568.0,9509.4,9061.96,28081.22890941
2020-05-22,8923.5,9267.34,9059.32,9168.84,13731.91887098
2020-05-23,9090.11,9313.83,9168.84,9181.76,6878.84791748
2020-05-24,8680.7,9306.23,9181.09,8715.73,13004.34567862
2020-05-25,8632.93,8977.0,8715.69,8899.31,12328.24203695
2020-05-26,8694.23,9016.99,8900.0,8844.42,11507.43097855
2020-05-27,8811.46,9230.0,8844.41,9208.53,10936.67835282
2020-05-28,9112.0,9625.0,9208.53,9580.19,14511.07649252
2020-05-29,9330.01,9609.02,9580.01,9423.84,10415.42644355
2020-05-30,9326.43,9764.0,9423.85,9700.33,10509.69814742
2020-05-31,9369.58,9705.6,9700.32,9446.57,7944.71669301
2020-06-01,9417.42,10428.0,9445.83,10208.96,21676.60828748
2020-06-02,9270.0,10237.6,10208.96,9522.46,33220.58268645
2020-06-03,9385.22,9695.0,9521.53,9668.07,11446.72193696
2020-06-04,9450.0,9888.0,9668.06,9788.03,12441.27298837
2020-06-05,9585.44,9855.0,9791.96,9613.21,12495.89785858
2020-06-06,9526.03,9735.13,9613.42,9671.7,6501.31731671
2020-06-07,9370.0,9822.0,9670.28,9750.12,11628.94527829
2020-06-08,9632.79,9815.0,9750.12,9781.51,8533.83614916
2020-06-09,9567.33,9886.0,9781.51,9779.41,10329.87714811
2020-06-10,9690.0,10018.67,9779.7,9894.04,12965.42597405
2020-06-11,9050.0,9973.25,9894.35,9268.16,26779.8793933
2020-06-12,9227.0,9552.87,9268.16,9464.17,10992.51647836
2020-06-13,9346.0,9494.45,9464.71,9475.0,4581.79206303
2020-06-14,9240.0,9481.0,9475.0,9325.0,4829.79726322
2020-06-15,8895.01,9499.0,9328.63,9432.53,18589.28586581
2020-06-16,9381.0,9592.04,9432.57,9526.25,10345.29526997
2020-06-17,9227.03,9558.48,9526.25,9457.51,8937.92623229
2020-06-18,9267.18,9482.66,9457.51,9376.14,6300.5664912
2020-06-19,9229.0,9430.0,9376.14,9301.91,7871.9637482
2020-06-20,9161.0,9391.71,9300.42,9355.74,6900.60934146
2020-06-21,9273.0,9419.35,9355.74,9286.14,3088.66849893
2020-06-22,9267.58,9792.0,9286.14,9690.74,11775.73858785
2020-06-23,9572.22,9724.53,9690.67,9623.56,7946.97355694
2020-06-24,9195.0,9663.38,9623.56,9285.91,13410.75869027
2020-06-25,8979.07,9335.0,9285.94,9243.51,13529.05626726
2020-06-26,9027.62,9291.73,9242.98,9155.42,10702.37319002
2020-06-27,8815.01,9188.14,9155.42,9002.46,8507.26840968
2020-06-28,8931.77,9189.0,9002.38,9113.24,5537.7575057
2020-06-29,9014.0,9236.75,9113.23,9184.45,8658.42672493
2020-06-30,9059.6,9201.0,9188.79,9136.2,6820.86740899
2020-07-01,9088.0,9297.2,9135.91,9239.97,7550.15999655
2020-07-02,8938.0,9265.0,9239.41,9091.53,10774.18558946
2020-07-03,9036.74,9126.12,9091.98,9063.87,7738.46972112
2020-07-04,9039.84,9195.84,9059.73,9138.51,5300.78823324
2020-07-05,8905.84,9145.0,9138.51,9074.39,4601.32645918
2020-07-06,9061.59,9375.9,9074.37,9343.31,9959.28200198
2020-07-07,9201.57,9379.34,9343.31,9253.94,6326.83865418
2020-07-08,9232.2,9475.0,9253.94,9435.28,10135.31536748
2020-07-09,9154.79,9446.62,9435.28,9236.95,8450.14110132
2020-07-10,9118.0,9322.23,9236.95,9291.05,6892.47061091
2020-07-11,9182.35,9303.04,9291.04,9235.0,3369.21728725
2020-07-12,9159.33,9347.53,9235.0,9303.37,5419.21357745
2020-07-13,9193.52,9339.61,9303.38,9236.92,8698.43618823
2020-07-14,9100.0,9280.0,9236.91,9256.94,7497.56309216
2020-07-15,9154.01,9273.98,9256.94,9190.16,7196.32866271
2020-07-16,9005.0,9216.02,9190.8,9130.11,8765.69858912
2020-07-17,9054.99,9182.99,9130.93,9154.29,6423.74716202
2020-07-18,9122.65,9210.0,9154.29,9175.85,4121.62697417
2020-07-19,9105.37,9245.03,9175.83,9212.87,3520.07247613
2020-07-20,9131.0,9223.51,9214.01,9161.05,5815.33084221
2020-07-21,9157.04,9438.0,9161.05,9394.14,9603.9151125
2020-07-22,9277.0,9567.77,9394.14,9536.18,10362.35264843
2020-07-23,9450.04,9686.0,9536.2,9613.24,12992.9719195
2020-07-24,9475.7,9645.55,9613.24,9551.21,9798.89346586
2020-07-25,9536.64,9747.76,9551.21,9711.33,6973.11089437
2020-07-26,9661.35,10150.0,9711.79,9941.0,11615.0460936
2020-07-27,9935.0,11420.0,9941.0,11048.91,41850.57309953
2020-07-28,10575.0,11259.0,11048.05,10934.23,26011.37513947
2020-07-29,10843.47,11350.0,10934.22,11110.12,18556.27794282
2020-07-30,10811.0,11188.65,11108.16,11115.95,12408.70410754
2020-07-31,10975.0,11460.0,11115.99,11351.62,15747.02174952
2020-08-01,11237.82,11888.0,11351.61,11810.07,18293.12524307
2020-08-02,10546.15,12134.29,11810.07,11068.54,28118.42911355
2020-08-03,10911.74,11486.6,11067.46,11233.13,13783.34037417
2020-08-04,11006.16,11417.11,11233.16,11197.04,12074.47851394
2020-08-05,11073.7,11798.87,11197.05,11756.75,16637.78082145
2020-08-06,11580.19,11916.68,11756.75,11773.89,18053.08146864
2020-08-07,11350.0,11920.0,11773.89,11606.52,23761.51075422
2020-08-08,11529.45,11818.18,11606.52,11774.98,7315.88456116
2020-08-09,11532.04,11810.24,11773.24,11688.48,7595.96106535
2020-08-10,11470.01,12086.22,11688.25,11899.73,22152.58893673
2020-08-11,11120.0,11943.0,11899.87,11388.53,20706.60991744
2020-08-12,11148.54,11625.0,11388.88,11566.45,12809.98917913
2020-08-13,11274.14,11802.09,11566.44,11795.95,15369.40392513
2020-08-14,11651.24,11865.97,11795.95,11779.0,13797.82000137
2020-08-15,11688.0,11989.98,11777.5,11859.24,12567.03859346
2020-08-16,11686.53,11940.0,11860.02,11918.84,8911.25397878
2020-08-17,11775.0,12486.61,11918.84,12304.26,23814.66050181
2020-08-18,11825.0,12400.0,12303.98,11950.0,18628.91287504
2020-08-19,11569.0,12024.83,11954.22,11758.87,16646.31489492
2020-08-20,11671.48,11892.16,11758.87,11864.26,8801.17750309
2020-08-21,11480.0,11884.99,11864.26,11529.22,14865.37875873
2020-08-22,11370.0,11693.16,11529.99,11672.93,7946.02465327
2020-08-23,11525.62,11715.0,11672.92,11650.01,5516.17048181
2020-08-24,11592.91,11823.62,11650.01,11753.85,7253.01922609
2020-08-25,11102.73,11769.76,11753.26,11324.92,14348.63533296
2020-08-26,11254.89,11539.99,11324.92,11463.27,9124.5541845
2020-08-27,11125.0,11597.92,11463.27,11330.06,13517.39421459
2020-08-28,11282.09,11550.51,11330.56,11535.0,10373.89590327
2020-08-29,11422.21,11580.0,11535.0,11474.31,5417.54146196
2020-08-30,11463.87,11720.0,11474.3,11716.01,5594.22582376
2020-08-31,11576.0,11784.66,11716.0,11655.0,9123.59353747
2020-09-01,11525.09,12086.0,11655.0,11924.22,16057.64432384
2020-09-02,11160.0,11950.0,11924.22,11395.48,19721.44316904
2020-09-03,10005.0,11474.99,11395.49,10172.52,30364.24398441
2020-09-04,9895.22,10638.34,10172.13,10500.05,23366.46467779
2020-09-05,9813.0,10564.8,10500.05,10168.36,22450.75807716
2020-09-06,10000.0,10358.88,10169.58,10257.86,9516.19303239
2020-09-07,9880.0,10410.9,10258.67,10375.0,11996.92866276
2020-09-08,9819.83,10440.91,10375.0,10125.69,15768.31017626
2020-09-09,9983.34,10349.99,10126.41,10224.56,9645.50409232
2020-09-10,10216.41,10489.0,10224.56,10343.23,11237.01908035
2020-09-11,10200.0,10411.44,10344.24,10394.41,7200.29156246
2020-09-12,10276.19,10483.23,10394.41,10446.52,6495.30033616
2020-09-13,10211.0,10582.36,10446.52,10336.76,10442.19360563
2020-09-14,10253.0,10760.62,10336.76,10679.95,13532.95018331
2020-09-15,10613.18,10950.0,10678.41,10783.75,12634.3292873
2020-09-16,10662.02,11099.95,10783.36,10959.61,11003.70130082
2020-09-17,10735.55,11044.0,10957.06,10943.61,8885.4490645
2020-09-18,10813.0,11039.88,10943.99,10937.52,8660.059472
2020-09-19,10891.78,11179.9,10937.5,11080.0,5718.02211829
2020-09-20,10759.37,11081.37,11081.09,10920.89,6003.78509052
2020-09-21,10180.0,10994.0,10920.94,10416.82,15004.71121349
2020-09-22,10355.0,10576.82,10416.83,10531.13,7904.25642443
2020-09-23,10135.22,10541.25,10531.13,10235.1,8893.24233647
2020-09-24,10192.56,10795.87,10237.41,10740.01,9678.39349807
2020-09-25,10551.0,10765.07,10740.0,10690.53,9690.62760986
2020-09-26,10654.58,10828.0,10690.53,10730.0,3783.39739972
2020-09-27,10595.24,10806.32,10730.0,10778.2,3880.03686062
2020-09-28,10621.22,10956.11,10779.0,10695.55,8876.06156838
2020-09-29,10636.13,10860.79,10694.9,10840.73,8200.78265336
2020-09-30,10657.04,10847.0,10839.98,10779.63,6318.52943807
2020-10-01,10427.75,10931.98,10779.63,10617.63,12848.73637335
2020-10-02,10363.76,10668.56,10616.35,10573.12,10263.48290265
2020-10-03,10498.02,10606.36,10573.12,10551.65,3211.70459291
2020-10-04,10521.87,10697.0,10550.32,10671.11,3569.25620166
2020-10-05,10621.12,10800.0,10670.01,10795.0,6081.38701926
2020-10-06,10524.0,10800.0,10796.97,10602.66,7596.36372031
2020-10-07,10546.78,10683.75,10601.2,10670.47,6108.04255109
2020-10-08,10532.11,10963.16,10670.47,10933.09,11301.25106194
2020-10-09,10834.49,11111.11,10932.44,11057.07,10098.3991552
2020-10-10,11055.75,11498.98,11057.07,11299.5,9312.75916488
2020-10-11,11276.28,11444.25,11299.52,11374.01,5163.46475688
2020-10-12,11187.6,11736.02,11374.01,11535.46,11056.91558046
2020-10-13,11312.59,11561.45,11535.46,11428.22,8639.21277154
2020-10-14,11290.83,11556.37,11428.22,11427.7,7078.70152873
2020-10-15,11263.15,11641.38,11427.7,11509.34,8538.52039637
2020-10-16,11201.0,11550.01,11509.31,11328.95,9505.26615373
2020-10-17,11264.75,11421.0,11328.27,11367.89,3586.1455215
2020-10-18,11350.37,11523.0,11367.9,11514.2,4352.09499051
2020-10-19,11416.04,11833.0,11514.2,11760.45,10313.23447344
2020-10-20,11685.0,12050.0,11760.45,11923.83,13840.02481291
2020-10-21,11900.01,13250.04,11923.07,12808.0,32404.63293167
2020-10-22,12698.02,13200.0,12808.01,12987.02,20337.78966446
2020-10-23,12722.72,13037.0,12988.2,12937.09,10450.87207186
2020-10-24,12884.31,13175.0,12938.0,13126.24,7915.34663475
2020-10-25,12890.76,13361.0,13126.34,13045.0,9276.17719938
2020-10-26,12785.0,13250.0,13045.02,13068.79,12275.35826032
2020-10-27,13061.28,13793.72,13068.79,13698.18,17267.43967837
2020-10-28,12891.57,13863.87,13740.85,13281.05,21073.3766776
2020-10-29,12976.29,13650.0,13281.06,13460.0,15796.07667651
2020-10-30,13131.31,13687.82,13460.0,13571.51,15664.29047538
2020-10-31,13424.73,14098.92,13571.51,13804.81,12166.30429818
2020-11-01,13630.05,13906.74,13803.69,13771.59,6252.00619492
2020-11-02,13215.0,13840.0,13771.7,13563.22,12191.83070954
2020-11-03,13290.0,14081.45,13563.22,14035.8,13965.78812958
2020-11-04,13530.01,14273.6,14034.35,14161.48,16894.77786852
2020-11-05,14115.0,15775.0,14165.86,15608.21,31865.97472203
2020-11-06,15190.36,15977.67,15608.06,15599.95,25150.39252742
2020-11-07,14310.0,15779.24,15599.95,14834.09,23552.06912628
2020-11-08,14721.9,15666.0,14834.09,15482.9,11856.3281802
2020-11-09,14817.14,15856.9,15482.89,15342.25,21951.27612698
2020-11-10,15090.08,15481.06,15342.1,15315.03,13489.67510052
2020-11-11,15293.04,16000.0,15315.46,15705.79,15257.35722584
2020-11-12,15446.82,16370.89,15705.79,16310.81,22153.73849401
2020-11-13,15975.0,16491.92,16310.81,16339.56,14593.51518544
2020-11-14,15708.24,16339.6,16339.56,16082.01,9205.916488
2020-11-15,15796.09,16175.6,16082.01,15966.89,6250.07966791
2020-11-16,15879.0,16892.0,15970.0,16726.64,13948.30524238
2020-11-17,16575.42,17880.0,16726.49,17679.36,25230.22403641
2020-11-18,17205.02,18488.0,17679.86,17782.91,32425.98660226
2020-11-19,17356.0,18193.29,17790.18,17821.58,17141.49267548
2020-11-20,17764.76,18830.3,17821.92,18675.25,17901.931678
2020-11-21,18350.0,18980.0,18677.84,18721.21,13604.27139959
2020-11-22,17610.77,18773.56,18721.21,18437.66,15423.83816127
2020-11-23,18001.0,18777.77,18437.18,18384.82,17655.66362172
2020-11-24,18052.02,19469.0,18384.82,19172.84,26623.09452709
2020-11-25,18502.0,19500.0,19172.9,18721.93,20485.39373121
2020-11-26,16200.0,18915.48,18717.24,17170.0,48644.17078197
2020-11-27,16400.0,17475.0,17169.99,17153.95,23333.98429789
2020-11-28,16880.0,17933.25,17155.43,17739.85,13157.9519653
2020-11-29,17535.26,18359.0,17736.1,18202.04,8932.25029132
2020-11-30,18201.47,19873.23,18202.02,19713.94,27293.4791942
2020-12-01,18109.0,19915.14,19713.94,18782.97,30442.86543674
2020-12-02,18335.0,19340.0,18778.18,19225.63,16227.13637423
2020-12-03,18885.0,19625.64,19222.45,19448.64,14648.29683367
2020-12-04,18576.05,19546.46,19446.43,18658.1,16382.87739223
2020-12-05,18501.0,19189.98,18658.09,19158.96,7082.22230272
2020-12-06,18878.0,19430.25,19158.96,19375.6,6665.28189472
2020-12-07,18901.0,19432.57,19375.6,19177.71,8977.45166263
2020-12-08,18200.0,19299.51,19177.08,18316.22,15161.86263318
2020-12-09,17639.0,18647.33,18316.22,18546.55,20667.36635634
2020-12-10,17905.0,18556.42,18546.55,18253.44,14899.20296937
2020-12-11,17580.0,18293.08,18257.18,18042.15,16953.63356031
2020-12-12,18023.57,18955.34,18044.19,18821.28,8616.1725039
2020-12-13,18730.0,19421.03,18821.28,19166.65,10624.20069187
2020-12-14,18967.68,19349.98,19166.65,19272.37,9102.36972564
2020-12-15,19051.27,19565.0,19272.37,19444.6,15345.21212651
2020-12-16,19300.0,21569.94,19443.19,21359.65,33350.23500216
2020-12-17,21252.01,23776.94,21360.5,22826.48,53602.34952384
2020-12-18,22329.0,23280.0,22826.37,23137.76,24829.23581848
2020-12-19,22770.0,24200.0,23138.89,23849.99,20577.66441198
2020-12-20,23100.0,24300.0,23850.0,23476.51,14963.41787144
2020-12-21,21913.84,24118.75,23476.51,22729.4,25728.63855953
2020-12-22,22380.05,23839.78,22729.4,23823.27,18597.6512303
2020-12-23,22600.0,24090.0,23824.13,23228.35,23412.12172023
2020-12-24,22712.89,23785.0,23226.18,23717.96,16440.75295146
2020-12-25,23416.0,24770.95,23718.61,24704.71,15792.47583445
2020-12-26,24490.01,26822.0,24704.71,26475.35,24782.44015598
2020-12-27,25772.55,28387.0,26482.64,26258.65,33627.00745897
2020-12-28,26086.19,27477.0,26255.16,27040.36,21265.70934972
2020-12-29,25833.73,27396.77,27039.39,27366.35,20668.10433798
2020-12-30,27311.73,29018.26,27366.35,28897.42,28181.49681491
2020-12-31,28000.0,29321.9,28897.42,28990.08,28813.88691084
2021-01-01,28700.0,29688.88,28990.08,29412.84,22211.25251806
2021-01-02,29039.0,33300.0,29413.29,32225.91,46675.24652146
2021-01-03,32008.62,34810.0,32222.88,33080.66,36951.71650628
2021-01-04,27678.0,33666.99,33082.84,32019.99,46045.38968508
2021-01-05,29891.13,34499.67,32020.22,34030.64,42282.56920027
2021-01-06,33352.54,37000.0,34043.91,36859.26,45744.10320015
2021-01-07,36200.0,40425.0,36859.26,39505.56,50346.30569052
2021-01-08,36565.08,41986.37,39510.55,40665.15,48522.48490272
2021-01-09,38800.0,41406.94,40642.15,40257.43,27152.97102881
2021-01-10,34444.0,41452.12,40257.43,38171.57,43736.57031589
2021-01-11,30100.0,38273.88,38168.89,35452.59,102503.15672849
2021-01-12,32500.0,36604.51,35456.89,34038.98,48227.62752035
2021-01-13,32309.04,37888.0,34035.53,37393.66,39608.73718747
2021-01-14,36751.11,40127.66,37393.67,39125.14,31868.76049365
2021-01-15,34298.93,39697.0,39123.05,36754.67,36421.05918785
2021-01-16,35372.59,37948.0,36754.6,36006.94,20861.42545209
2021-01-17,33850.03,36860.0,36004.8,35820.0,19182.04934663
2021-01-18,34736.46,37402.0,35820.01,36624.23,16609.64108414
2021-01-19,35895.11,37857.0,36624.23,35917.28,18904.77910604
2021-01-20,33387.01,36415.34,35921.91,35503.09,25445.70800774
2021-01-21,30011.0,35628.24,35498.85,30855.95,50473.11375071
2021-01-22,28732.0,33867.0,30855.9,32984.93,48155.72161708
2021-01-23,31432.19,33488.79,32982.66,32112.01,16139.81478284
2021-01-24,30931.21,33086.53,32110.0,32288.56,13618.80097809
2021-01-25,31920.8,34888.0,32293.18,32261.87,23045.66293389
2021-01-26,30830.0,32960.37,32260.52,32510.82,23535.83891688
2021-01-27,29156.0,32584.62,32510.82,30407.13,46207.08537355
2021-01-28,29902.14,34000.0,30414.11,33488.99,36007.06269488
2021-01-29,31990.0,38570.13,33487.92,34262.11,72641.07974951
2021-01-30,32852.86,34900.0,34262.11,34315.63,21362.15173754
2021-01-31,32200.0,34387.75,34315.63,33137.74,16436.39757593
2021-02-01,32333.0,34728.57,33137.75,33533.19,21975.41378272
2021-02-02,33450.0,36000.0,33534.39,35512.67,19995.83908338
2021-02-03,35393.8,37723.72,35513.0,37678.37,23781.96945181
2021-02-04,36156.45,38769.0,37688.42,36975.0,31699.36292316
2021-02-05,36605.87,38349.0,36976.59,38311.49,17842.70173175
2021-02-06,38250.0,41000.0,38327.09,39265.43,27102.80602941
2021-02-07,37371.35,39737.83,39266.1,38871.42,20297.87256102
2021-02-08,38057.01,46750.0,38871.43,46448.1,47934.0103883
2021-02-09,45020.0,48200.0,46453.66,46514.73,36418.79365116
2021-02-10,43706.86,47349.99,46514.73,44850.0,25818.01157857
2021-02-11,44011.0,48690.0,44850.0,47997.91,26222.60477552
2021-02-12,46300.0,48912.0,47993.6,47408.34,23503.15583529
2021-02-13,46300.0,48199.0,47408.34,47232.45,12020.8773325
2021-02-14,47100.13,49700.0,47240.75,48680.69,15146.55244091
2021-02-15,45768.46,49093.44,48667.23,47936.37,19432.15278111
2021-02-16,47051.22,50645.0,47935.66,49158.71,23053.20561135
2021-02-17,48942.87,52640.35,49141.43,52170.01,25675.171441
2021-02-18,50875.0,52549.99,52170.01,51601.73,15689.40275173
2021-02-19,50725.0,56370.05,51596.0,55983.56,27961.48197104
2021-02-20,54000.1,57563.57,55983.57,55923.52,22137.82194494
2021-02-21,55531.23,58367.0,55921.44,57489.16,13530.43444443
2021-02-22,46616.0,57577.69,57489.16,54142.13,49449.16575779
2021-02-23,44888.08,54206.22,54125.67,48899.99,72300.585728
2021-02-24,47002.0,51415.41,48899.99,49737.82,30732.14949499
2021-02-25,46700.0,52107.83,49737.81,47058.48,28011.20414657
2021-02-26,44150.0,48464.64,47063.9,46326.2,36048.6181927
2021-02-27,45055.0,48356.86,46319.79,46180.75,16290.28071728
2021-02-28,43016.0,46656.0,46169.92,45231.75,22745.60600179
2021-03-01,45042.13,49829.0,45231.74,49639.4,25068.25043716
2021-03-02,47075.11,50250.0,49635.3,48511.6,17063.56302004
2021-03-03,48161.75,52666.0,48502.18,50360.0,21301.47723933
2021-03-04,47502.0,51798.33,50370.33,48368.52,23386.97957577
2021-03-05,46219.32,49473.99,48370.97,48769.47,25468.18029576
2021-03-06,47077.0,49210.0,48766.01,48909.84,11877.83755909
2021-03-07,48909.83,51459.0,48909.84,50978.61,13965.15473114
2021-03-08,49328.62,52425.0,50976.22,52415.23,18856.28684439
2021-03-09,51845.01,54936.0,52413.17,54916.38,21177.14953983
2021-03-10,53025.0,57402.14,54921.61,55890.69,28326.07770941
2021-03-11,54283.0,58113.0,55888.7,57815.47,24369.21216789
2021-03-12,55050.0,58065.92,57820.15,57225.91,21760.53824103
2021-03-13,56083.74,61788.45,57220.84,61178.5,22301.28588901
2021-03-14,58950.0,61680.0,61181.38,58972.7,13581.96759058
2021-03-15,54568.0,60601.07,58972.71,55636.15,31651.39184131
2021-03-16,53221.0,56970.0,55629.08,56927.11,24432.37878722
2021-03-17,54138.01,58996.38,56924.26,58925.54,22687.57433043
2021-03-18,56996.15,60100.0,58925.54,57644.95,21459.4962399
2021-03-19,56260.0,59461.99,57644.95,58039.66,16429.629743
2021-03-20,57827.97,59928.0,58026.91,58116.7,9725.28123717
2021-03-21,55543.89,58651.22,58126.34,57363.32,11841.63877891
2021-03-22,53739.5,58421.68,57377.29,54110.07,19512.15647151
2021-03-23,53000.0,55858.0,54111.49,54345.54,19221.75674
2021-03-24,51673.82,57209.97,54333.27,52276.16,23775.21362623
2021-03-25,50305.0,53238.0,52259.69,51325.01,29642.04415588
2021-03-26,51250.0,55125.13,51320.76,55072.44,17843.00738205
2021-03-27,53966.0,56640.0,55080.9,55856.53,11333.33349523
2021-03-28,54701.0,56587.08,55856.54,55778.82,9235.80302347
2021-03-29,54900.0,58400.0,55781.22,57613.48,17552.36885101
2021-03-30,57000.0,59397.48,57613.76,58786.46,15105.07669026
2021-03-31,56873.8,59800.0,58786.46,58800.0,17376.62672814
2021-04-01,57930.0,59474.94,58800.01,58726.48,11096.33004907
2021-04-02,58441.88,60055.02,58726.47,58981.04,10966.93017846
2021-04-03,56943.0,59752.0,58981.04,57094.34,8405.26400491
2021-04-04,56478.53,58500.0,57094.34,58215.94,6301.43187883
2021-04-05,56817.64,59251.76,58216.73,59123.02,9204.86323941
2021-04-06,57333.33,59475.0,59134.07,58019.98,10354.33014603
2021-04-07,55400.0,58630.0,58021.67,55955.75,17787.29445084
2021-04-08,55700.0,58152.0,55962.67,58083.1,8073.59731731
2021-04-09,57670.51,58869.69,58083.1,58092.68,8094.74629652
2021-04-10,57875.41,61218.97,58092.68,59778.6,12817.81106734
2021-04-11,59177.06,60658.89,59778.59,59985.26,7278.96516665
2021-04-12,59369.0,61199.0,59983.66,59839.82,11467.72752999
2021-04-13,59799.01,63774.39,59836.88,63588.22,17897.76603088
2021-04-14,61277.91,64899.0,63588.22,62971.8,22570.84113444
2021-04-15,62036.73,63831.82,62971.8,63229.04,11209.4505281
2021-04-16,60048.43,63604.34,63229.04,61427.27,19867.41322269
2021-04-17,59700.0,62572.48,61427.27,60058.86,10847.76785762
2021-04-18,51300.0,60437.97,60067.2,56274.41,36891.70959047
2021-04-19,54187.85,57600.0,56273.65,55696.83,16838.39171629
2021-04-20,53430.01,57111.0,55696.83,56499.29,18608.27983583
2021-04-21,53620.91,56810.56,56477.67,53800.86,15584.08398293
2021-04-22,50400.0,55469.98,53795.62,51701.59,30427.89153907
2021-04-23,47464.65,52130.58,51695.98,51187.27,38794.85818376
2021-04-24,48726.87,51260.61,51187.75,50089.15,11839.14355893
2021-04-25,47044.01,50591.38,50101.42,49121.0,14633.51206544
2021-04-26,48817.62,54400.0,49121.0,54053.6,18005.22399425
2021-04-27,53321.0,55509.39,54047.8,55069.62,13957.08649512
2021-04-28,53887.0,56476.17,55069.61,54894.03,16484.33677655
2021-04-29,52369.61,55226.86,54889.81,53580.0,14592.31688772
2021-04-30,53068.43,58075.01,53580.0,57798.77,16536.33288912
2021-05-01,57050.94,58550.0,57798.77,57859.28,10787.04933216
2021-05-02,56072.0,57972.26,57859.28,56625.2,7647.62578087
2021-05-03,56500.0,58986.0,56625.21,57212.73,15165.00648795
2021-05-04,53057.7,57247.24,57212.73,53241.92,23492.0586849
2021-05-05,52913.02,57980.86,53241.91,57515.69,22918.90458572
2021-05-06,55288.0,58400.0,57515.69,56440.66,18244.13605211
2021-05-07,55300.0,58735.95,56444.82,57380.39,18323.8958022
2021-05-08,56980.01,59559.84,57380.39,58958.05,15374.94442964
2021-05-09,56265.3,59300.52,58958.06,58312.57,17169.72318523
2021-05-10,53600.0,59592.2,58313.84,55866.41,24647.23540718
2021-05-11,54511.48,56962.07,55866.38,56753.19,15446.63591676
2021-05-12,48500.0,58041.0,56753.19,49498.77,29660.84273553
2021-05-13,46000.0,52500.0,49498.76,49690.11,42250.08740789
2021-05-14,48895.0,51569.56,49682.28,49893.48,21987.79362448
2021-05-15,46573.0,50730.58,49893.48,46775.51,21936.11454712
2021-05-16,43825.0,49808.28,46771.01,46450.79,30655.33064729
2021-05-17,42101.0,46646.15,46450.78,43580.5,43660.22208427
2021-05-18,42300.0,45851.0,43571.89,42857.15,28210.30024018
2021-05-19,30000.0,43591.7,42865.05,36731.75,109537.24233282
2021-05-20,35000.0,42605.0,36735.44,40623.33,51445.79735691
2021-05-21,33501.54,42275.99,40623.24,37340.77,55961.90006046
2021-05-22,35257.52,38889.76,37333.09,37476.83,29239.02738254
2021-05-23,31111.0,38319.36,37476.84,34758.67,53433.30296532
2021-05-24,34407.17,39966.87,34758.88,38878.56,44419.45827713
2021-05-25,36481.26,39878.51,38874.53,38361.81,26107.55687287
2021-05-26,37837.36,40900.0,38361.81,39293.23,25107.68631485
2021-05-27,37191.99,40440.95,39293.23,38556.88,19390.89447264
2021-05-28,34688.0,38900.0,38556.88,35680.47,36231.72333985
2021-05-29,33650.86,37325.0,35680.48,34627.82,27999.15073256
2021-05-30,33333.0,36500.0,34627.81,35669.44,16038.94658082
2021-05-31,34183.0,37534.09,35669.44,37279.31,19527.11600162
2021-06-01,35669.14,37918.97,37276.23,36685.0,15713.10281689
2021-06-02,35920.0,38237.37,36684.99,37577.91,13952.35891376
2021-06-03,37184.88,39489.82,37581.83,39248.55,14325.7560692
2021-06-04,35593.22,39291.24,39248.54,36856.52,17917.63251152
2021-06-05,34832.17,37921.35,36856.53,35539.49,13654.69033381
2021-06-06,35258.0,36477.86,35539.97,35800.48,8184.50324318
2021-06-07,33333.0,36812.39,35800.48,33575.91,18997.71626987
2021-06-08,31004.95,34069.0,33567.26,33402.13,34937.55754915
2021-06-09,32408.53,37573.99,33402.13,37403.86,26040.89793254
2021-06-10,35800.0,38425.67,37404.75,36694.05,19853.81418911
2021-06-11,35944.0,37695.0,36694.91,37338.44,14142.19349961
2021-06-12,34635.47,37448.0,37340.08,35557.33,14516.54556279
2021-06-13,34780.57,39396.0,35557.32,39015.24,15748.96203951
2021-06-14,38744.83,41076.03,39015.24,40539.47,21916.84415956
2021-06-15,39510.98,41322.55,40537.93,40162.37,17020.70299457
2021-06-16,38105.0,40499.0,40158.06,38351.0,17238.57541183
2021-06-17,37365.63,39554.98,38351.0,38095.17,15970.35031651
2021-06-18,35153.16,38216.22,38103.94,35841.81,23472.37724375
2021-06-19,34833.26,36457.18,35840.96,35484.79,16801.08670642
2021-06-20,33347.05,36139.73,35484.8,35585.78,19400.07454207
2021-06-21,31259.0,35741.54,35585.79,31609.82,41304.39903519
2021-06-22,28800.0,33352.0,31609.82,32538.37,48409.17333487
2021-06-23,31708.03,34881.02,32538.9,33688.35,23124.81248294
2021-06-24,32300.0,35295.67,33688.51,34654.58,16868.94084747
2021-06-25,31300.0,35500.0,34654.87,31594.63,26505.19266978
2021-06-26,30173.49,32711.68,31594.62,32275.19,18299.38702942
2021-06-27,32002.21,34749.0,32267.59,34709.23,14428.92978925
2021-06-28,33864.99,35301.43,34708.53,34493.22,14920.2647883
2021-06-29,34233.35,36675.0,34493.22,35904.28,17917.59826258
2021-06-30,34033.0,36094.42,35906.17,35060.0,16700.72309396
2021-07-01,32703.48,35066.54,35060.0,33516.11,13210.9509733
2021-07-02,32704.73,33972.06,33510.93,33805.02,11765.65389836
2021-07-03,33320.0,34953.07,33805.01,34682.16,6197.80112922
2021-07-04,34390.53,35951.0,34685.03,35284.05,6224.03057033
2021-07-05,33156.86,35290.82,35284.06,33697.78,9607.60619891
2021-07-06,33300.0,35100.0,33697.78,34225.73,10313.01368118
2021-07-07,33770.01,35077.46,34225.72,33878.56,9404.8979867
2021-07-08,32111.0,33934.62,33879.5,32875.95,14147.3525248
2021-07-09,32255.24,34100.0,32875.95,33824.26,8320.90649257
2021-07-10,33027.83,34267.14,33824.25,33515.35,4906.24582215
2021-07-11,33333.33,34607.37,33515.35,34259.23,7023.06500489
2021-07-12,32665.0,34670.0,34259.22,33091.1,10145.24046995
2021-07-13,32201.12,33337.61,33077.43,32734.14,9478.04218884
2021-07-14,31600.0,33125.55,32734.14,32816.39,10355.3186961
2021-07-15,31064.77,33187.6,32815.75,31868.68,11273.61174025
2021-07-16,31025.42,32259.16,31872.49,31388.06,10006.47793721
2021-07-17,31179.01,31949.99,31389.57,31533.91,5695.57411588
2021-07-18,31125.6,32450.0,31533.9,31788.25,5006.4831051
2021-07-19,30429.99,31887.82,31786.37,30842.03,11027.00528966
2021-07-20,29301.56,31052.65,30842.04,29796.16,18114.15286104
2021-07-21,29501.02,32825.0,29796.15,32135.19,15598.47830878
2021-07-22,31729.68,32611.84,32152.68,32287.74,7704.6404628
2021-07-23,32000.0,33647.27,32287.75,33647.26,9004.84262627
2021-07-24,33424.7,34525.0,33647.27,34283.01,9864.75243703
2021-07-25,33888.89,35451.04,34291.67,35428.26,9434.63002297
2021-07-26,35251.54,40593.93,35428.25,37262.77,40354.54555841
2021-07-27,36413.26,39550.0,37262.76,39470.48,24709.10440908
2021-07-28,38803.34,40925.56,39475.99,40035.1,27198.33358111
2021-07-29,39229.47,40644.85,40035.1,40039.44,11022.42512817
2021-07-30,38342.0,42320.57,40039.44,42237.95,15063.2344059
2021-07-31,41064.11,42414.61,42233.66,41495.01,9351.94288576
2021-08-01,39426.0,42605.64,41499.0,39865.41,10617.67293456
2021-08-02,38690.0,40459.68,39859.18,39149.59,12379.41216528
2021-08-03,37627.21,39785.3,39149.59,38191.44,15094.81739624
2021-08-04,37509.0,39965.1,38189.4,39722.41,15327.67624669
2021-08-05,37300.0,41447.89,39718.9,40888.74,28507.85532682
2021-08-06,39876.74,43399.26,40888.73,42869.58,20425.1145444
2021-08-07,42457.27,44750.0,42869.59,44637.34,19634.79475606
2021-08-08,43131.97,45363.83,44628.11,43829.14,18712.27158173
2021-08-09,42821.3,46497.42,43829.15,46285.48,19464.72493503
2021-08-10,44650.27,46718.44,46280.0,45595.66,13756.50066875
2021-08-11,45350.74,46781.09,45601.82,45553.49,11628.32043954
2021-08-12,43714.36,46223.95,45553.1,44422.14,13169.78176994
2021-08-13,44249.64,47953.9,44422.15,47833.64,11794.94196257
2021-08-14,46034.93,48176.52,47833.64,47109.65,8130.36769388
2021-08-15,45525.19,47400.0,47109.64,47014.49,7745.70200802
2021-08-16,45676.91,48076.52,47014.38,45902.46,10467.66031475
2021-08-17,44405.39,47174.62,45903.22,44671.58,12756.14777945
2021-08-18,44216.47,46035.27,44675.34,44707.98,10327.49887365
2021-08-19,43955.0,47088.08,44709.1,46765.87,11938.12185013
2021-08-20,46644.95,49400.0,46769.02,49342.4,13184.67048641
2021-08-21,48285.28,49821.92,49349.99,48867.02,9574.83615164
2021-08-22,48102.89,49526.13,48870.21,49284.63,6243.39643384
2021-08-23,49012.84,50505.0,49284.38,49506.5,10824.26838095
2021-08-24,47600.0,49875.9,49504.53,47682.45,12068.33823315
2021-08-25,47122.02,49277.0,47682.45,48987.33,9289.23177109
2021-08-26,46315.48,49365.1,48991.57,46851.47,11651.34373853
2021-08-27,46361.01,49185.12,46851.47,49077.57,8924.12247655
2021-08-28,48370.0,49309.83,49081.08,48942.94,4895.70191319
2021-08-29,47801.0,49667.1,48942.89,48802.58,6935.09511006
2021-08-30,46866.0,48906.51,48802.58,46993.71,12249.23741495
2021-08-31,46708.93,48259.68,46996.8,47112.5,12919.43970212
2021-09-01,46537.62,49125.0,47110.33,48839.86,13010.83839478
2021-09-02,48620.73,50392.19,48834.27,49279.37,14120.3826407
2021-09-03,48349.66,51064.44,49279.38,50025.0,14577.22621879
2021-09-04,49400.0,50558.75,50025.0,49942.98,7595.48816499
2021-09-05,49500.0,51907.08,49944.89,51789.17,7743.93472308
2021-09-06,51020.08,52802.03,51789.17,52698.81,9571.75471136
2021-09-07,42830.77,52944.96,52698.8,46894.5,29022.815351
2021-09-08,44423.49,47381.47,46894.49,46060.36,19624.55093117
2021-09-09,45511.82,47400.0,46059.94,46400.0,13594.64633403
2021-09-10,44140.48,47040.76,46396.26,44851.45,14905.54795341
2021-09-11,44730.29,45989.94,44850.37,45171.83,6207.38337004
2021-09-12,44754.31,46462.98,45173.66,46024.23,6499.85821749
2021-09-13,43465.0,46900.0,46027.8,44947.72,15015.30289712
2021-09-14,44679.92,47274.92,44953.23,47127.22,12644.16435358
2021-09-15,46705.0,48475.0,47127.81,48148.12,12139.84206628
2021-09-16,47020.82,48499.99,48144.03,47753.16,11739.27966629
2021-09-17,46752.67,48176.64,47753.15,47303.5,9088.56956453
2021-09-18,47050.0,48825.62,47306.87,48314.56,7491.03449237
2021-09-19,46850.87,48379.19,48309.86,47255.92,7086.34626236
2021-09-20,42500.0,47358.92,47253.71,43012.97,27706.67636162
2021-09-21,39600.0,43639.88,43007.69,40719.6,27275.33818249
2021-09-22,40570.42,44035.44,40736.81,43575.1,19462.53865157
2021-09-23,43096.73,45000.0,43575.19,44897.59,13446.87468684
2021-09-24,40683.29,45200.0,44896.55,42848.92,22451.57711462
2021-09-25,41675.0,42998.76,42848.44,42705.51,7383.32390261
2021-09-26,40803.0,43937.0,42705.51,43178.02,9971.64545213
2021-09-27,42111.0,44366.96,43172.17,42171.76,10094.77099806
2021-09-28,40897.7,42780.0,42166.31,41026.07,10491.81363045
2021-09-29,40750.12,42638.99,41030.19,41522.16,10303.30152312
2021-09-30,41409.67,44110.17,41519.11,43824.43,12835.9838101
2021-10-01,43287.44,48500.0,43828.89,48165.76,20095.33155568
2021-10-02,47451.0,48359.33,48165.76,47657.69,7262.63442143
2021-10-03,47120.11,49300.0,47663.74,48233.99,7989.25925892
2021-10-04,46916.7,49505.0,48233.99,49245.54,13938.64182971
2021-10-05,49057.18,51906.23,49244.13,51493.99,17828.59726658
2021-10-06,50416.01,55757.11,51499.77,55339.48,25869.64925998
2021-10-07,53379.0,55356.85,55346.95,53797.82,15820.83417633
2021-10-08,53634.41,56113.0,53805.46,53963.82,12416.9019906
2021-10-09,53675.0,55500.0,53965.18,54962.29,7123.05512404
2021-10-10,54112.95,56545.24,54963.29,54690.53,9370.1912382
2021-10-11,54411.54,57833.23,54683.09,57487.44,13422.42081815
2021-10-12,53873.78,57674.55,57485.97,56005.1,15457.00896085
2021-10-13,54236.09,57771.33,56005.1,57367.32,14691.01338574
2021-10-14,56832.32,58520.71,57367.32,57359.51,12198.02457938
2021-10-15,56867.11,62910.0,57359.51,61695.39,27105.19764492
2021-10-16,60139.01,62350.0,61690.32,60877.42,10161.25819825
2021-10-17,58943.83,61744.17,60867.05,61527.11,9153.32273471
2021-10-18,59887.74,62675.19,61530.07,62042.41,19798.1489024
2021-10-19,61333.0,64500.0,62042.4,64303.14,17380.30486176
2021-10-20,63525.0,66999.0,64303.14,66026.54,19194.45410878
2021-10-21,62050.0,66650.85,66021.26,62204.02,23474.39133313
2021-10-22,60000.0,63750.0,62204.01,60687.64,17217.70765017
2021-10-23,59650.0,61750.0,60682.88,61300.01,6708.15013802
2021-10-24,59522.89,61491.96,61300.02,60854.48,8573.72719199
2021-10-25,60653.5,63726.58,60847.91,63083.54,10496.58058683
2021-10-26,59837.07,63290.49,63081.96,60337.62,12181.48144997
2021-10-27,58100.0,61488.0,60333.19,58455.47,18856.68565412
2021-10-28,57653.88,62477.47,58462.73,60591.65,19354.49897509
2021-10-29,60188.73,62974.0,60591.63,62276.72,15497.01101939
2021-10-30,60725.01,62379.2,62287.95,61892.41,6793.59698552
2021-10-31,60001.0,62427.02,61896.38,61343.68,8371.1698899
2021-11-01,59500.0,62500.0,61346.17,60949.54,11724.34161877
2021-11-02,60672.16,64300.0,60956.4,63266.51,13694.11539462
2021-11-03,60070.0,63568.36,63266.5,62935.41,12951.87181247
2021-11-04,60728.77,63114.14,62935.4,61444.5,11051.75853921
2021-11-05,60777.0,62638.59,61444.49,61006.15,10598.79620286
2021-11-06,60125.0,61599.25,61006.14,61539.31,6366.43859189
2021-11-07,61397.86,63327.96,61539.3,63309.13,5596.02460734
2021-11-08,63309.12,67792.77,63309.12,67554.84,17661.87297159
2021-11-09,66261.79,68568.85,67554.13,66944.66,14996.62508818
2021-11-10,62800.0,69000.0,66938.76,64912.2,19030.24517744
2021-11-11,64133.78,65600.0,64912.2,64807.59,10259.51472415
2021-11-12,62300.0,65477.06,64807.73,64147.9,13658.626579
2021-11-13,63394.17,64990.0,64144.42,64400.01,5968.10354833
2021-11-14,63596.9,65525.0,64400.01,65505.02,6081.57225975
2021-11-15,63371.0,66339.9,65505.03,63624.59,10426.55522646
2021-11-16,58638.0,63624.6,63621.05,60107.98,24910.15267457
2021-11-17,58380.0,60824.38,60101.56,60351.51,20907.21545076
2021-11-18,56514.13,60977.21,60351.51,56898.0,26749.21203012
2021-11-19,55625.0,58412.12,56898.46,58122.16,18554.56064192
2021-11-20,57423.35,59900.0,58122.15,59760.76,7584.65241653
2021-11-21,58509.69,60070.0,59760.76,58671.21,6661.36635434
2021-11-22,55641.03,59526.51,58671.22,56280.81,15889.22078935
2021-11-23,55377.0,57886.03,56280.81,57566.85,14019.78167156
2021-11-24,55875.01,57607.97,57562.65,57162.66,12509.25971944
2021-11-25,57037.04,59445.99,57158.58,58987.27,10668.67680723
2021-11-26,53533.0,59194.0,58994.72,53757.67,25946.30174683
2021-11-27,53642.58,55316.67,53757.67,54759.05,7899.30349126
2021-11-28,53327.0,57490.0,54759.04,57317.17,8222.42493442
2021-11-29,56730.0,58908.27,57318.51,57838.06,13454.23335496
2021-11-30,55910.33,59249.77,57838.06,56987.97,18038.78770838
2021-12-01,56465.75,59118.84,56998.35,57226.5,16607.30872879
2021-12-02,55845.0,57423.69,57226.51,56521.46,12969.21952648
2021-12-03,51640.0,57670.68,56521.45,53638.04,19567.63113833
2021-12-04,42333.0,53876.09,53633.02,49241.12,39023.32978526
2021-12-05,47827.0,49783.0,49235.26,49484.22,21727.13821193
2021-12-06,47200.0,51105.0,49484.21,50529.56,23082.30465624
2021-12-07,50067.1,51995.0,50529.56,50625.48,14107.33216632
2021-12-08,48650.02,51250.0,50625.24,50519.68,13138.99183299
2021-12-09,47323.23,50844.86,50520.94,47568.43,15749.4243393
2021-12-10,46900.0,50148.49,47568.43,47170.94,15689.5742182
2021-12-11,46786.78,49517.18,47170.94,49407.75,11045.22374119
2021-12-12,48665.43,50828.13,49424.47,50089.64,10411.08180306
2021-12-13,45727.92,50218.42,50089.64,46727.89,20797.28834629
2021-12-14,46300.0,48686.91,46727.89,48367.43,17107.0342879
2021-12-15,46530.0,49500.0,48359.23,48884.78,21621.70983741
2021-12-16,47524.66,49459.39,48878.83,47634.22,12731.23681745
2021-12-17,45469.32,48000.0,47634.2,46166.5,18556.07900007
2021-12-18,45515.72,47368.73,46159.87,46859.46,8170.85303229
2021-12-19,46440.11,48351.92,46857.49,46687.19,9518.7071282
2021-12-20,45568.0,47548.93,46687.2,46926.07,16039.38510407
2021-12-21,46645.05,49339.31,46926.07,48914.7,15461.4105731
2021-12-22,48450.0,49595.0,48914.7,48608.62,10753.4990677
2021-12-23,48032.16,51397.82,48608.61,50842.2,16627.04627954
2021-12-24,50445.55,51878.6,50842.06,50851.38,11690.45418179
2021-12-25,50191.84,51171.68,50852.31,50428.31,5550.57153185
2021-12-26,49460.0,51295.33,50428.31,50801.79,6863.39473781
2021-12-27,50480.0,52100.0,50804.33,50717.77,11596.91468191
2021-12-28,47300.23,50720.35,50720.35,47543.09,23116.75583707
2021-12-29,46094.02,48149.58,47542.2,46471.24,20326.32142372
2021-12-30,45938.44,47926.15,46471.24,47122.08,27413.65364976
2021-12-31,45650.0,48574.7,47122.09,46211.24,19010.24134509
2022-01-01,46205.0,47967.12,46211.24,47733.43,9463.6617111
2022-01-02,46633.36,47990.0,47733.43,47299.07,6833.49845548
2022-01-03,45700.0,47583.33,47299.06,46459.56,10841.81020453
2022-01-04,45515.0,47532.89,46459.57,45814.61,16320.32712866
2022-01-05,42500.0,47076.55,45817.13,43436.04,25067.67476765
2022-01-06,42432.99,43794.5,43446.34,43083.76,20780.04784989
2022-01-07,40571.53,43144.72,43081.79,41565.18,26122.19990673
2022-01-08,40505.3,42318.97,41564.57,41684.84,15454.11315131
2022-01-09,41209.53,42831.12,41684.84,41876.52,11074.22498167
2022-01-10,39650.0,42250.0,41876.52,41824.07,25232.35739583
2022-01-11,41274.8,43130.0,41824.06,42753.44,19697.46613255
2022-01-12,42459.21,44342.83,42749.84,43920.37,16250.21469714
2022-01-13,42325.0,44453.22,43921.21,42581.65,14772.09478571
2022-01-14,41752.0,43473.98,42576.27,43090.72,13545.75086459
2022-01-15,42577.35,43819.39,43090.72,43098.2,6318.38550193
2022-01-16,42600.0,43497.24,43098.2,43104.34,6481.6580227
2022-01-17,41567.64,43200.0,43104.34,42218.01,10963.85191034
2022-01-18,41287.79,42692.71,42214.66,42369.74,13658.50365699
2022-01-19,41126.0,42586.03,42372.15,41674.27,15642.41727542
2022-01-20,40555.0,43511.99,41672.14,40670.97,17860.82318928
2022-01-21,35422.0,41127.79,40671.77,36456.94,50742.89616126
2022-01-22,34017.56,36835.93,36456.67,35066.43,30044.12486365
2022-01-23,34625.0,36555.55,35075.7,36282.47,17440.22740453
2022-01-24,32933.33,37574.63,36275.28,36693.32,38776.29020908
2022-01-25,35716.15,37579.81,36687.58,36980.0,21597.52201359
2022-01-26,36254.97,38960.0,36980.0,36840.63,27403.99125336
2022-01-27,35526.36,37249.0,36846.22,37188.37,23601.4620954
2022-01-28,36162.48,38023.74,37188.37,37741.9,22716.16494796
2022-01-29,37300.0,38748.43,37741.9,38191.1,13103.19076443
2022-01-30,37365.31,38384.07,38189.82,37901.35,10632.53591257
2022-01-31,36640.94,38785.04,37904.99,38491.93,19654.98487168
2022-02-01,38021.53,39300.0,38492.53,38716.88,16379.93141492
2022-02-02,36584.29,38888.88,38714.27,36923.39,13787.58718711
2022-02-03,36259.01,37450.75,36923.39,37329.91,13283.28624677
2022-02-04,37051.36,41788.81,37324.61,41614.64,22537.5582634
2022-02-05,40955.4,41970.0,41613.75,41404.85,11187.20118795
2022-02-06,41135.39,42719.93,41411.59,42415.16,6447.88488893
2022-02-07,41678.79,44533.0,42416.06,43868.07,20040.49860442
2022-02-08,42688.0,45519.24,43868.08,44085.59,20387.64565183
2022-02-09,43155.5,44865.46,44087.58,44416.35,12785.8117079
2022-02-10,43210.0,45855.0,44416.39,43527.71,20024.52326862
2022-02-11,42000.0,43962.13,43521.88,42386.47,19367.4151999
2022-02-12,41750.0,43050.0,42386.47,42244.97,8664.419567
2022-02-13,41885.61,42781.96,42244.91,42074.99,6208.94093653
2022-02-14,41570.0,42876.15,42073.37,42548.71,14805.98338836
2022-02-15,42433.28,44775.96,42548.71,44583.52,14154.73452625
2022-02-16,43330.59,44585.69,44580.73,43895.56,9663.44040395
2022-02-17,40099.99,44195.62,43895.55,40536.73,18630.10842181
2022-02-18,39425.07,40990.9,40537.94,39983.56,16491.0130588
2022-02-19,39655.0,40469.82,39993.64,40101.94,6277.30201343
2022-02-20,38000.0,40146.07,40101.93,38389.03,10972.32175685
2022-02-21,36811.0,39506.91,38395.99,37023.0,20970.76378699
2022-02-22,36350.0,38469.06,37022.11,38251.48,22767.08772002
2022-02-23,37055.0,39276.85,38251.67,37268.19,15510.11329997
2022-02-24,34322.0,39720.0,37268.18,38347.3,42124.51876077
2022-02-25,38016.44,39716.0,38347.3,39238.48,20761.66924479
2022-02-26,38592.04,40300.5,39242.71,39137.8,8601.67109728
2022-02-27,37020.0,39875.71,39146.97,37717.08,14440.23638182
2022-02-28,37455.71,44240.77,37716.57,43192.66,25699.68423401
2022-03-01,42850.0,44993.12,43189.61,44439.95,22596.96095342
2022-03-02,43342.16,45426.45,44440.0,43912.34,17466.98591437
2022-03-03,41811.0,44096.45,43916.47,42464.41,19278.28224695
2022-03-04,38577.01,42524.87,42464.41,39166.51,24080.60599433
2022-03-05,38587.27,39600.0,39166.5,39402.43,8440.51638896
2022-03-06,38091.02,39730.5,39407.87,38408.38,10099.98545246
2022-03-07,37161.88,39556.58,38406.82,37994.0,19544.28414901
2022-03-08,37851.54,39376.65,37991.05,38749.38,19132.76914326
2022-03-09,38655.98,42597.84,38749.16,41953.97,24651.67344036
2022-03-10,38560.85,42053.84,41949.28,39433.71,20814.01456026
2022-03-11,38234.08,40251.51,39431.4,38732.04,15908.57521389
2022-03-12,38654.02,39472.17,38732.33,38813.02,5644.14686801
2022-03-13,37580.86,39318.19,38815.56,37793.01,8046.37612453
2022-03-14,37560.4,39906.39,37793.4,39674.17,13566.81093809
2022-03-15,38135.0,39900.0,39678.51,39298.1,14924.67641882
2022-03-16,38850.0,41717.67,39298.11,41127.97,22805.48259593
2022-03-17,40521.0,41486.0,41127.96,40950.33,15717.77421989
2022-03-18,40130.0,42396.04,40950.23,41774.98,17181.15226772
2022-03-19,41534.89,42429.0,41781.37,42232.26,8630.97283924
2022-03-20,40918.72,42330.1,42232.05,41287.24,7621.03036678
2022-03-21,40509.0,41578.33,41287.24,41017.71,10996.47661055
2022-03-22,40885.19,43389.79,41017.7,42378.26,19913.28660924
2022-03-23,41766.79,43036.95,42376.03,42899.71,13745.27563632
2022-03-24,42627.48,44241.0,42899.71,44012.29,21827.93263859
2022-03-25,43605.8,45130.91,44012.36,44331.85,19128.13735444
2022-03-26,44091.09,44820.58,44336.19,44539.42,7305.17827992
2022-03-27,44437.22,46950.0,44538.21,46850.01,10356.10317002
2022-03-28,46662.28,48240.0,46850.01,47144.92,18787.66318707
2022-03-29,46589.0,48124.94,47146.92,47454.19,15776.65108647
2022-03-30,46544.89,47717.01,47448.41,47078.03,12672.44584707
2022-03-31,45211.0,47624.09,47078.02,45528.45,17454.79144251
2022-04-01,44232.86,46739.24,45525.25,46296.34,18111.13598043
2022-04-02,45642.89,47219.46,46296.36,45826.27,8380.14274375
2022-04-03,45552.07,47469.4,45826.24,46422.16,8773.77185888
2022-04-04,45129.93,46900.0,46420.08,46596.83,13802.44111729
2022-04-05,45371.16,47200.0,46594.39,45506.5,14390.57308541
2022-04-06,43115.26,45523.25,45509.92,43166.7,24250.37283725
2022-04-07,42734.69,43908.58,43166.71,43452.18,13245.36612438
2022-04-08,42112.0,44000.0,43444.71,42262.02,11929.52123708
2022-04-09,42118.96,42816.38,42261.9,42766.93,4805.71689778
2022-04-10,41885.86,43443.32,42766.46,42165.96,5770.49368126
2022-04-11,39204.59,42424.14,42165.96,39535.87,17229.3729009
2022-04-12,39250.0,40705.68,39535.88,40086.23,13866.41847396
2022-04-13,39550.0,41570.88,40086.7,41146.68,11457.63380548
2022-04-14,39573.8,41512.43,41147.15,39954.08,11020.37202049
2022-04-15,39770.22,40850.0,39953.62,40554.58,6448.01134712
2022-04-16,40005.0,40699.99,40554.6,40387.6,4084.16565112
2022-04-17,39553.07,40605.46,40387.6,39683.54,4833.31493601
2022-04-18,38550.0,41100.0,39681.11,40803.58,13090.79423386
2022-04-19,40571.99,41772.94,40810.87,41503.85,10218.113707
2022-04-20,40900.0,42209.58,41501.56,41377.61,14609.28392672
2022-04-21,39744.75,43109.47,41371.88,40480.81,17204.35326683
2022-04-22,39174.8,40802.65,40483.38,39712.25,16871.32104798
2022-04-23,39296.19,39993.82,39712.2,39465.87,6957.16710365
2022-04-24,39000.0,39945.74,39459.63,39464.56,6436.45656858
2022-04-25,38210.24,40605.3,39463.75,40439.22,20515.87532995
2022-04-26,37700.0,40817.16,40440.9,38113.82,21648.1142493
2022-04-27,37882.83,39470.0,38118.43,39251.11,20832.19649199
2022-04-28,38883.83,40400.0,39251.02,39743.22,16718.83057299
2022-04-29,38161.85,39926.8,39741.21,38593.1,14282.25993546
2022-04-30,37590.0,38795.0,38592.27,37644.1,6931.07200088
2022-05-01,37401.0,38675.37,37640.35,38473.05,7980.89975954
2022-05-02,38041.0,39181.27,38469.49,38510.89,17946.98346298
2022-05-03,37505.01,38643.48,38510.88,37719.59,17946.99450089
2022-05-04,37651.38,40038.27,37719.58,39669.56,21513.95419034
2022-05-05,35568.0,39864.55,39669.56,36537.22,28832.99792317
2022-05-06,35255.4,36664.4,36537.22,35999.1,28626.6487821
2022-05-07,34785.0,36125.0,35999.1,35458.0,11372.45319184
2022-05-08,33701.0,35499.93,35458.0,34027.91,22357.51152059
2022-05-09,30010.0,34231.54,34033.49,30078.27,55136.45332765
2022-05-10,29735.05,32645.49,30078.27,31002.39,55818.01900282
2022-05-11,27682.38,32185.9,31002.39,28972.34,61128.25296303
2022-05-12,25338.53,30091.2,28977.75,28941.95,70702.60931849
2022-05-13,28662.7,30990.0,28941.95,29232.18,34643.05118869
2022-05-14,28564.38,30287.58,29234.73,30041.88,15245.46818403
2022-05-15,29436.06,31418.35,30041.9,31290.05,16440.89298551
2022-05-16,29055.0,31293.31,31290.02,29839.89,22646.18507353
2022-05-17,29415.01,30750.0,29839.89,30412.12,19833.30676705
2022-05-18,28605.0,30675.92,30412.1,28672.94,28348.42643576
2022-05-19,28645.2,30500.0,28671.5,30274.59,29009.9710577
2022-05-20,28690.92,30729.83,30274.59,29155.75,34328.18791921
2022-05-21,28913.26,29613.34,29155.74,29408.26,9998.48360206
2022-05-22,29211.0,30457.9,29407.4,30260.87,11774.13662231
2022-05-23,28847.72,30635.39,30258.04,29082.52,25413.0825529
2022-05-24,28611.0,29802.0,29079.31,29626.44,17077.03870179
2022-05-25,29296.12,30192.08,29627.61,29503.49,17180.56600794
2022-05-26,28000.0,29850.0,29503.48,29166.06,26598.58606063
2022-05-27,28220.0,29355.4,29166.06,28598.31,21035.53736928
2022-05-28,28500.0,29239.52,28598.31,29008.99,7717.34367577
2022-05-29,28809.84,29550.0,29008.99,29447.07,6727.92770357
2022-05-30,29273.65,32232.16,29447.08,31711.42,24915.37275974
2022-05-31,31195.9,32383.96,31716.67,31784.05,21187.77667355
2022-06-01,29308.01,31964.56,31784.18,29788.79,26857.46263482
2022-06-02,29558.61,30655.0,29789.19,30433.75,18519.12608247
2022-06-03,29213.47,30674.95,30429.12,29670.85,15016.78184772
2022-06-04,29454.14,29952.0,29672.77,29843.18,6390.75942952
2022-06-05,29505.65,30158.44,29837.56,29901.54,5482.4963235
2022-06-06,29866.44,31745.0,29899.62,31343.61,20384.91220986
2022-06-07,29200.0,31549.21,31349.59,31106.9,23234.0811685
2022-06-08,29829.98,31306.32,31111.0,30177.0,16775.53319148
2022-06-09,29904.0,30679.72,30182.92,30079.62,13334.23491125
2022-06-10,28821.15,30337.83,30079.59,29063.11,23208.77056569
2022-06-11,28080.01,29411.11,29058.79,28388.63,13276.76193059
2022-06-12,26532.95,28516.33,28395.03,26555.2,18661.94193886
2022-06-13,21920.0,26869.35,26555.17,22460.97,81724.84469418
2022-06-14,20816.4,23299.22,22460.97,22120.25,47382.80135514
2022-06-15,20071.0,22769.12,22120.23,22562.33,62040.45345538
2022-06-16,20200.0,22974.1,22562.33,20372.0,37587.2170128
2022-06-17,20209.73,21338.7,20371.96,20447.86,25560.04919013
2022-06-18,17567.45,20750.0,20447.86,18948.89,52894.97568032
2022-06-19,17934.26,20795.11,18944.66,20552.44,29383.34368967
2022-06-20,19603.8,21041.62,20552.39,20549.75,24904.11647858
2022-06-21,20328.03,21711.0,20547.68,20696.96,23770.75139634
2022-06-22,19751.51,20873.52,20699.63,19968.46,26569.63207564
2022-06-23,19869.41,21211.97,19970.07,21104.45,21460.76883515
2022-06-24,20712.54,21537.46,21104.45,21223.72,21361.7652594
2022-06-25,20900.0,21594.5,21221.13,21478.04,12877.9734191
2022-06-26,20944.68,21866.0,21474.14,21027.92,11145.88852674
2022-06-27,20500.0,21520.0,21024.85,20725.17,17440.94268269
2022-06-28,20164.7,21189.99,20722.95,20252.89,17658.6604167
2022-06-29,19823.43,20410.91,20253.5,20094.79,18278.45185883
2022-06-30,18603.0,20143.53,20098.0,19985.62,28361.45876221
2022-07-01,18938.33,20879.99,19985.62,19252.76,32977.00052272
2022-07-02,18955.02,19422.02,19252.76,19224.03,10707.74160684
2022-07-03,18755.75,19622.33,19225.54,19291.33,11826.36538269
2022-07-04,19029.33,20331.76,19291.35,20211.35,14462.57230204
2022-07-05,19274.95,20734.89,20212.42,20153.51,21938.40185419
2022-07-06,19743.0,20650.0,20153.74,20542.67,18489.12900774
2022-07-07,20224.8,21855.72,20542.66,21614.6,25211.332802
2022-07-08,21172.0,22490.54,21618.04,21582.2,25311.00378887
2022-07-09,21311.04,21959.3,21582.28,21583.99,9424.31410235
2022-07-10,20636.53,21595.75,21582.23,20850.65,9610.90399408
2022-07-11,19860.12,20854.32,20850.65,19942.43,16061.45339697
2022-07-12,19226.47,20037.46,19942.44,19303.65,21631.52226271
2022-07-13,18892.0,20330.71,19304.71,20220.23,28211.91563971
2022-07-14,19607.14,20893.73,20219.69,20577.02,24371.50910244
2022-07-15,20368.67,21196.37,20574.96,20827.55,17731.34162095
2022-07-16,20475.94,21582.71,20823.06,21189.68,12479.60342503
2022-07-17,20750.1,21667.1,21189.23,20791.74,11450.67396279
2022-07-18,20755.95,22777.0,20791.74,22427.56,31445.5132866
2022-07-19,21578.57,23800.0,22434.97,23395.06,34808.90125305
2022-07-20,22899.0,24287.13,23398.46,23226.99,34094.81155381
2022-07-21,22340.07,23434.65,23225.24,23153.96,24113.43095206
2022-07-22,22505.56,23763.55,23152.76,22687.68,20884.25890814
2022-07-23,21941.01,23006.16,22688.85,22450.69,12592.30066753
2022-07-24,22263.85,23036.46,22451.36,22583.43,9132.96152481
2022-07-25,21254.97,22665.74,22583.37,21313.41,22277.31378773
2022-07-26,20715.0,21344.43,21312.06,21261.57,19333.35688939
2022-07-27,21045.73,23110.73,21260.22,22962.59,24206.7301153
2022-07-28,22580.86,24206.11,22960.74,23851.7,25681.25351287
2022-07-29,23429.71,24450.0,23851.66,23784.5,18431.00204878
2022-07-30,23516.11,24666.0,23787.84,23650.13,13265.47821461
2022-07-31,23240.01,24192.18,23648.15,23307.44,7969.64723008
2022-08-01,22850.0,23518.89,23307.44,23273.86,12543.48560075
2022-08-02,22659.06,23464.97,23273.85,22989.4,15013.77828925
2022-08-03,22694.56,23650.96,22994.78,22825.0,23966.78092491
2022-08-04,22392.88,23234.29,22824.88,22623.94,21755.96366822
2022-08-05,22589.83,23478.58,22624.44,23320.81,26745.91293062
2022-08-06,22917.49,23357.19,23320.71,22960.93,9285.19244923
2022-08-07,22852.13,23405.02,22960.86,23177.39,8297.19227173
2022-08-08,23158.32,24251.08,23180.26,23815.65,24093.33217697
2022-08-09,22871.66,23929.35,23815.68,23158.27,22349.07822206
2022-08-10,22666.23,24224.67,23158.32,23962.18,25974.49772434
2022-08-11,23862.66,24929.99,23959.3,23944.86,29681.35922757
2022-08-12,23600.01,24463.01,23944.85,24415.18,17244.15100332
2022-08-13,24302.36,24898.91,24415.08,24456.49,13678.30446343
2022-08-14,24151.63,25054.1,24456.17,24316.71,23306.17100393
2022-08-15,23777.0,25214.57,24316.58,24097.82,27821.25610894
2022-08-16,23668.0,24253.98,24099.7,23857.93,19601.90580439
2022-08-17,23180.14,24448.49,23857.89,23341.17,22747.43895287
2022-08-18,23107.27,23600.0,23344.42,23189.46,13825.6308966
2022-08-19,20782.39,23206.76,23188.94,20834.94,45962.7257428
2022-08-20,20760.93,21372.93,20834.94,21139.23,21809.4048831
2022-08-21,21067.33,21795.08,21139.22,21518.62,16024.82128336
2022-08-22,20889.69,21540.0,21514.45,21398.25,26215.93682469
2022-08-23,20889.69,21679.52,21396.37,21528.34,22744.05096265
2022-08-24,21147.41,21925.0,21526.74,21367.12,22538.91385671
2022-08-25,21307.32,21818.32,21367.12,21561.86,17065.2835044
2022-08-26,20112.78,21878.05,21561.49,20240.72,37169.02639568
2022-08-27,19800.0,20389.14,20240.63,20036.69,22160.97938125
2022-08-28,19513.74,20164.26,20035.3,19554.03,17117.31912737
2022-08-29,19545.57,20427.19,19552.31,20286.97,33436.35652183
2022-08-30,19540.14,20582.64,20286.95,19813.17,46462.27938622
2022-08-31,19799.97,20489.0,19813.97,20048.26,36587.60323535
2022-09-01,19561.01,20205.53,20048.27,20133.65,23858.64862602
2022-09-02,19755.0,20444.0,20132.67,19953.74,19929.54590305
2022-09-03,19655.0,20053.9,19953.4,19835.47,9538.49811675
2022-09-04,19588.27,20026.2,19833.59,20004.73,10670.60766559
2022-09-05,19633.11,20060.0,20003.85,19794.58,13935.11385555
2022-09-06,18663.25,20179.86,19794.59,18790.91,34029.11126955
2022-09-07,18527.0,19466.09,18790.77,19293.52,25583.39915964
2022-09-08,19014.43,19460.7,19293.03,19321.87,20327.61614165
2022-09-09,19294.49,21616.21,19322.56,21364.5,39579.81208118
2022-09-10,21127.1,21815.15,21366.61,21651.52,17750.76003376
2022-09-11,21356.37,21865.66,21656.03,21831.72,14386.63340528
2022-09-12,21555.0,22490.05,21830.16,22402.71,28404.49469955
2022-09-13,19855.0,22800.0,22402.58,20174.78,37351.56014939
2022-09-14,19625.0,20545.0,20174.78,20227.77,25139.52734416
2022-09-15,19500.0,20336.42,20227.7,19703.67,21124.30384367
2022-09-16,19305.0,19890.95,19703.65,19801.04,24863.81492556
2022-09-17,19748.89,20183.14,19800.26,20113.37,11557.14724341
2022-09-18,19335.57,20119.08,20113.37,19417.64,16437.90668757
2022-09-19,18255.0,19689.62,19417.56,19540.38,30961.4463315
2022-09-20,18722.0,19638.46,19538.31,18876.91,27437.23361358
2022-09-21,18153.13,19949.97,18876.14,18462.64,44344.46282424
2022-09-22,18358.63,19521.8,18462.66,19401.25,41006.95212665
2022-09-23,18529.0,19500.0,19399.93,19286.01,30781.38249694
2022-09-24,18808.13,19311.4,19286.03,18923.2,17644.76169841
2022-09-25,18619.88,19184.3,18920.93,18808.61,14499.16320537
2022-09-26,18681.02,19320.86,18806.3,19228.0,33108.05445715
2022-09-27,18821.55,20383.15,19226.94,19077.57,51860.03004114
2022-09-28,18487.0,19773.67,19077.56,19412.07,43710.30467197
2022-09-29,18845.3,19646.66,19412.37,19595.57,34783.53737085
2022-09-30,19154.38,20182.72,19595.59,19426.11,34243.66392923
2022-10-01,19160.0,19486.43,19423.57,19315.27,7337.45595566
2022-10-02,18923.81,19398.94,19315.26,19059.17,12951.42404465
2022-10-03,18958.29,19717.67,19059.1,19633.46,28571.64018677
2022-10-04,19495.32,20479.43,19632.43,20345.19,32685.41637125
2022-10-05,19750.0,20371.15,20345.27,20161.62,33542.20736149
2022-10-06,19855.19,20455.79,20162.15,19965.64,44044.43606305
2022-10-07,19325.0,20065.26,19963.75,19533.05,34938.97272677
2022-10-08,19250.0,19628.78,19531.68,19419.39,9745.2545363
2022-10-09,19321.0,19563.28,19421.49,19443.47,12537.63788265
2022-10-10,19028.08,19528.04,19442.7,19132.83,26596.56843638
2022-10-11,18855.19,19265.69,19130.8,19058.11,36248.01909763
2022-10-12,18971.51,19235.26,19058.42,19155.92,24862.65344825
2022-10-13,18131.0,19509.23,19153.97,19378.65,49160.49651762
2022-10-14,19076.83,19954.14,19375.55,19178.0,46208.33260444
2022-10-15,18983.0,19229.12,19179.15,19070.24,9062.82835275
2022-10-16,19065.23,19425.49,19070.62,19264.44,8310.92834083
2022-10-17,19154.72,19679.46,19261.62,19550.4,24137.12482696
2022-10-18,19091.77,19702.73,19550.39,19328.76,27645.59742478
2022-10-19,19062.1,19361.0,19328.75,19124.18,22284.13292808
2022-10-20,18905.0,19349.04,19123.77,19042.48,28405.7559743
2022-10-21,18659.0,19254.52,19043.66,19166.45,24206.36088454
2022-10-22,19110.46,19257.66,19164.92,19209.1,7044.99034028
2022-10-23,19070.92,19698.1,19209.09,19572.44,12086.31175412
2022-10-24,19159.35,19603.57,19572.2,19330.41,29432.58356293
2022-10-25,19240.76,20420.88,19332.11,20086.28,42452.33701168
2022-10-26,20055.85,21022.81,20086.27,20775.4,43618.9919315
2022-10-27,20196.01,20878.17,20773.59,20296.97,34123.58255469
2022-10-28,20000.0,20755.09,20295.77,20597.91,29581.75150226
2022-10-29,20561.2,21080.0,20597.34,20823.53,19822.75126022
2022-10-30,20523.92,20939.35,20822.38,20630.68,13737.38848362
2022-10-31,20237.0,20837.68,20629.21,20489.94,22222.73611567
2022-11-01,20326.55,20691.0,20489.55,20479.63,21147.00854592
2022-11-02,20059.53,20805.0,20480.34,20151.4,43913.21904186
2022-11-03,20032.02,20390.82,20151.29,20206.88,26837.37211156
2022-11-04,20181.61,21298.76,20208.02,21144.2,42027.16281295
2022-11-05,21082.54,21478.8,21149.03,21300.45,14076.70487828
2022-11-06,20886.26,21365.89,21300.45,20909.17,10958.4932636
2022-11-07,20394.34,21069.46,20908.15,20593.49,25279.82916936
2022-11-08,17500.0,20675.0,20593.34,18550.25,84056.63082724
2022-11-09,15512.0,18590.34,18546.07,15891.96,119633.96194081
2022-11-10,15720.0,18140.62,15894.77,17553.89,91496.98548059
2022-11-11,16336.05,17641.32,17555.44,17013.62,64776.6547934
2022-11-12,16595.25,17067.7,17014.78,16783.33,23830.0578576
2022-11-13,16214.95,16926.57,16783.32,16301.39,23266.69734743
2022-11-14,15790.25,17169.68,16298.75,16590.73,55601.93469977
2022-11-15,16502.85,17107.88,16588.41,16877.93,48155.32053543
2022-11-16,16358.66,16994.31,16879.37,16645.24,37249.70414522
2022-11-17,16396.0,16736.7,16646.58,16680.47,22484.77507436
2022-11-18,16526.28,16984.08,16680.47,16680.59,26970.34405749
2022-11-19,16534.83,16802.0,16678.85,16683.02,9396.04770097
2022-11-20,16154.65,16733.19,16680.7,16252.53,16685.1909604
2022-11-21,15460.0,16279.99,16252.43,15760.14,43799.91803333
2022-11-22,15596.22,16294.5,15758.96,16199.71,44555.90690195
2022-11-23,16142.99,16700.0,16201.15,16587.0,37143.06609396
2022-11-24,16450.62,16797.28,16585.83,16587.61,21819.50497344
2022-11-25,16333.0,16610.08,16587.6,16510.9,20800.91157317
2022-11-26,16376.1,16693.18,16510.9,16450.93,12308.57070713
2022-11-27,16395.0,16589.43,16450.32,16419.88,10825.69525321
2022-11-28,15992.64,16478.32,16421.63,16206.3,30336.24756667
2022-11-29,16092.53,16541.72,16206.23,16438.0,21901.9847881
2022-11-30,16423.37,17259.37,16437.94,17167.33,42517.61172285
2022-12-01,16855.0,17317.8,17165.44,16980.08,31798.99151828
2022-12-02,16791.02,17108.25,16980.07,17094.71,23096.43686725
2022-12-03,16863.58,17158.42,17094.25,16888.53,14081.4506716
2022-12-04,16882.86,17199.99,16889.17,17108.9,16961.10828839
2022-12-05,16865.22,17424.59,17108.9,16966.05,33618.45109026
2022-12-06,16904.04,17111.35,16966.05,17089.05,26693.6101171
2022-12-07,16679.52,17140.22,17089.18,16840.0,22635.46848793
2022-12-08,16738.0,17300.59,16839.76,17226.01,23533.23453743
2022-12-09,17060.69,17352.62,17226.03,17130.59,20976.63699864
2022-12-10,17093.42,17227.64,17130.49,17128.1,7860.58687575
2022-12-11,17073.19,17271.92,17128.1,17085.21,9948.85267032
2022-12-12,16875.83,17244.63,17085.62,17211.66,20659.65709227
2022-12-13,17089.17,17999.99,17212.9,17773.18,38316.03172467
2022-12-14,17660.93,18385.36,17772.98,17804.97,49295.42072146
2022-12-15,17275.02,17856.26,17805.36,17357.96,37834.73808374
2022-12-16,16529.53,17525.0,17359.1,16632.64,47159.86300655
2022-12-17,16585.64,16799.99,16634.29,16782.25,18446.6836015
2022-12-18,16663.76,16875.0,16782.23,16741.16,11073.43886205
2022-12-19,16273.4,16822.84,16742.33,16439.74,26856.08598724
2022-12-20,16398.22,17060.86,16439.98,16897.65,34330.28235168
2022-12-21,16725.78,16926.05,16896.17,16826.56,16743.62189364
2022-12-22,16560.84,16868.82,16825.18,16815.51,21269.7673979
2022-12-23,16719.57,16943.29,16815.28,16777.21,21958.88697726
2022-12-24,16775.88,16863.62,16777.88,16837.12,9502.80320659
2022-12-25,16720.89,16853.88,16837.24,16829.02,7065.21656572
2022-12-26,16787.97,16939.81,16829.19,16917.96,8493.27661167
2022-12-27,16585.97,16967.0,16916.66,16698.73,17482.09318834
2022-12-28,16460.0,16777.35,16698.31,16539.66,23345.55126307
2022-12-29,16479.5,16654.81,16539.66,16627.54,20088.46487471
2022-12-30,16326.16,16649.99,16627.36,16600.1,26532.28003447
2022-12-31,16462.49,16634.42,16599.98,16530.35,15414.5294044
2023-01-01,16490.0,16621.0,16531.83,16611.58,10668.73697739
2023-01-02,16542.52,16789.99,16611.9,16666.95,13560.46017964
2023-01-03,16600.0,16772.3,16666.86,16669.47,17612.35527749
2023-01-04,16645.87,16988.0,16668.95,16844.42,25922.70680625
2023-01-05,16750.07,16872.13,16844.4,16825.69,14918.22913349
2023-01-06,16670.82,17027.11,16825.53,16948.06,24235.38704157
2023-01-07,16903.58,16977.76,16948.0,16942.37,5680.11799379
2023-01-08,16910.41,17167.52,16942.37,17125.18,9195.45985397
2023-01-09,17102.97,17396.25,17125.17,17177.98,33252.15435855
2023-01-10,17145.1,17494.37,17177.94,17443.5,24901.57485784
2023-01-11,17315.08,17998.0,17443.5,17944.27,27251.01602186
2023-01-12,17904.83,19115.85,17944.15,18847.75,61938.44269045
2023-01-13,18714.8,20000.0,18847.77,19934.88,55049.6223488
2023-01-14,19893.25,21321.98,19934.07,20957.02,58239.87328811
2023-01-15,20560.16,21057.3,20956.2,20879.7,25709.30241812
2023-01-16,20611.45,21465.62,20879.67,21187.5,41151.35428763
2023-01-17,20844.73,21595.0,21191.46,21136.33,32656.47978348
2023-01-18,20370.01,21650.21,21135.01,20674.29,34600.25647175
2023-01-19,20656.52,21197.0,20674.03,21084.22,23436.75404601
2023-01-20,20865.64,22754.73,21084.05,22669.81,32810.59587882
2023-01-21,22432.45,23375.6,22671.09,22789.37,32657.60500465
2023-01-22,22298.15,23082.82,22789.34,22714.87,25548.28914044
2023-01-23,22500.01,23180.55,22714.81,22920.29,32380.77464386
2023-01-24,22460.17,23165.56,22920.67,22636.17,39180.10567306
2023-01-25,22326.24,23824.66,22636.19,23062.36,38496.91631901
2023-01-26,22853.61,23287.38,23062.36,23010.47,30187.01702655
2023-01-27,22540.76,23511.9,23011.37,23084.4,27185.13487749
2023-01-28,22884.0,23196.99,23084.38,23028.95,7466.33930339
2023-01-29,22974.75,23966.0,23029.56,23745.8,20952.76361397
2023-01-30,22500.0,23802.99,23744.34,22836.03,34312.28644397
2023-01-31,22719.68,23313.23,22836.03,23128.86,22721.77475761
2023-02-01,22760.0,23813.57,23127.15,23735.97,20292.22416962
2023-02-02,23367.87,24262.18,23735.97,23493.84,16368.92138269
2023-02-03,23208.01,23720.0,23497.29,23433.54,14215.66842983
2023-02-04,23257.71,23589.67,23433.47,23328.87,3567.13007478
2023-02-05,22758.01,23433.2,23329.47,22936.34,6574.34533251
2023-02-06,22637.51,23163.05,22936.34,22764.07,12149.94486314
2023-02-07,22748.11,23348.73,22763.42,23244.67,9803.34759825
2023-02-08,22669.09,23451.01,23244.64,22964.38,7693.59195866
2023-02-09,21700.0,23011.18,22963.91,21800.63,19277.239648
2023-02-10,21467.43,21942.41,21800.62,21628.97,12641.59512641
2023-02-11,21605.35,21904.0,21628.97,21863.73,4695.91143894
2023-02-12,21631.0,22091.88,21863.73,21789.8,5990.68642903
2023-02-13,21366.45,21903.03,21789.79,21789.14,13246.3049252
2023-02-14,21545.67,22331.76,21789.0,22206.27,14879.72784164
2023-02-15,22054.17,24386.5,22206.26,24329.04,23427.35072192
2023-02-16,23510.73,25256.83,24326.95,23516.15,30034.93494269
2023-02-17,23344.12,25025.0,23516.95,24577.6,22795.35234631
2023-02-18,24407.67,24879.33,24577.6,24636.23,6191.17379627
2023-02-19,24192.7,25200.0,24635.85,24281.31,9733.21021005
2023-02-20,23841.08,25128.11,24278.81,24844.97,13977.17943437
2023-02-21,24153.96,25288.88,24844.21,24454.43,16495.25564236
2023-02-22,23581.64,24480.0,24454.08,24184.44,17390.31077874
2023-02-23,23612.59,24600.95,24184.9,23943.32,16847.70433307
2023-02-24,22520.0,24132.67,23943.32,23186.88,20933.97488913
2023-02-25,22716.47,23220.56,23186.88,23159.71,5937.43847794
2023-02-26,23052.78,23689.77,23159.71,23556.83,6063.45918348
2023-02-27,23109.06,23895.51,23556.83,23489.52,12098.67253518
2023-02-28,23027.24,23597.98,23490.01,23145.32,9516.02766667
2023-03-01,23025.17,23999.99,23144.37,23631.52,12151.84539817
2023-03-02,23196.09,23798.62,23632.12,23468.24,9239.93644458
2023-03-03,21988.02,23477.28,23468.79,22358.18,21715.09355721
2023-03-04,22150.71,22409.82,22358.18,22350.95,2266.21497947
2023-03-05,22195.13,22654.64,22349.74,22432.69,5291.96467583
2023-03-06,22264.73,22599.99,22431.99,22410.31,10660.04864303
2023-03-07,21932.74,22557.03,22410.13,22198.48,10381.24422759
2023-03-08,21580.84,22281.55,22198.09,21698.37,13343.72575834
2023-03-09,20050.0,21825.53,21699.41,20367.01,21326.08097071
2023-03-10,19568.52,20369.78,20366.97,20230.08,32126.59207482
2023-03-11,19900.5,20964.5,20230.07,20620.54,18920.85100043
2023-03-12,20446.24,22276.69,20619.34,22219.08,19165.53317335
2023-03-13,21882.63,24710.0,22216.02,24220.0,38654.82408388
2023-03-14,24052.0,26553.9,24220.0,24762.65,44100.36444555
2023-03-15,23931.01,25300.0,24761.61,24377.16,30128.4276161
2023-03-16,24207.54,25235.28,24377.16,25051.85,20754.42573365
2023-03-17,24946.86,27834.54,25052.11,27453.62,40752.19373629
2023-03-18,26652.45,27780.0,27453.75,26980.35,18096.24372219
2023-03-19,26904.0,28478.0,26980.35,28054.46,16897.41761964
2023-03-20,27218.36,28578.63,28058.15,27823.32,23782.6567676
2023-03-21,27414.77,28605.32,27822.85,28207.33,16193.18924882
2023-03-22,26678.16,28937.73,28201.22,27325.15,33974.43697526
2023-03-23,27189.19,28839.68,27324.05,28352.94,26698.29660165
2023-03-24,27027.88,28433.34,28352.95,27489.24,22190.91292623
2023-03-25,27184.78,27818.67,27489.24,27488.18,9655.9494554
2023-03-26,27445.04,28230.32,27489.56,27992.9,9800.64299441
2023-03-27,26525.0,28053.26,27995.27,27142.87,17268.16335715
2023-03-28,26640.0,27519.99,27142.85,27274.15,14103.92919115
2023-03-29,27255.42,28654.06,27274.18,28359.54,17710.8595857
2023-03-30,27693.7,29190.04,28359.54,28035.48,20972.43924037
2023-03-31,27512.97,28650.2,28034.88,28474.4,18917.3621471
2023-04-01,28223.76,28826.45,28475.41,28471.46,6988.04239657
2023-04-02,27862.69,28544.21,28471.03,28188.34,6707.97702984
2023-04-03,27227.61,28525.0,28188.34,27811.77,16192.03702141
2023-04-04,27670.24,28450.0,27809.55,28179.64,13261.95025317
2023-04-05,27817.32,28799.99,28178.66,28175.37,15066.72449529
2023-04-06,27716.77,28199.11,28175.27,28053.46,10291.78500534
2023-04-07,27790.21,28120.71,28052.74,27931.94,5847.77200458
2023-04-08,27881.01,28175.89,27930.12,27958.81,3854.33490363
2023-04-09,27814.0,28547.67,27958.19,28340.99,6136.4286229
2023-04-10,28162.49,29794.47,28342.28,29660.41,15752.30418782
2023-04-11,29612.3,30584.58,29657.7,30227.19,18637.22157812
2023-04-12,29675.0,30517.0,30227.18,29912.2,14961.08403219
2023-04-13,29878.08,30627.05,29912.2,30406.78,12505.27274115
2023-04-14,30000.0,31050.0,30410.03,30492.92,19793.55777592
2023-04-15,30231.76,30622.38,30492.91,30324.11,5486.7222394
2023-04-16,30148.28,30572.1,30325.07,30326.09,6230.24911461
2023-04-17,29251.71,30340.21,30321.41,29449.91,13418.0380446
2023-04-18,29103.89,30500.0,29449.91,30393.4,12649.52217446
2023-04-19,28595.28,30430.72,30394.5,28809.72,20951.87851572
2023-04-20,27991.32,29102.69,28809.71,28248.18,17007.31210311
2023-04-21,27133.0,28371.88,28248.18,27253.85,19665.99126045
2023-04-22,27133.0,27887.78,27252.96,27821.41,7556.85769964
2023-04-23,27333.2,27820.99,27820.99,27592.98,6255.76778325
2023-04-24,26965.14,28000.0,27592.7,27515.05,12258.59093046
2023-04-25,27194.51,28400.0,27513.85,28304.42,12013.57991051
2023-04-26,27230.77,30050.66,28304.42,28426.08,31636.39150463
2023-04-27,28387.07,29900.0,28428.86,29483.72,24310.36359778
2023-04-28,28900.0,29606.45,29486.97,29338.63,14184.03938836
2023-04-29,29057.3,29470.0,29339.47,29249.35,4909.72717806
2023-04-30,29095.92,29969.99,29249.24,29247.14,6837.06831371
2023-05-01,27664.31,29348.6,29240.49,28077.27,17953.11670042
2023-05-02,27871.44,28899.99,28077.44,28684.4,13258.60505694
2023-05-03,28122.0,29276.12,28683.41,29038.75,15588.83462733
2023-05-04,28674.58,29383.5,29039.36,28857.23,10407.16067489
2023-05-05,28810.0,29706.57,28857.88,29536.76,14691.1261171
2023-05-06,28394.0,29850.0,29538.87,28902.66,8546.79874854
2023-05-07,28429.12,29189.71,28901.3,28474.53,5884.67007423
2023-05-08,27279.66,28676.38,28472.68,27695.06,15859.41839592
2023-05-09,27367.01,27833.64,27693.24,27647.29,8888.42683618
2023-05-10,26800.0,28334.75,27647.29,27624.01,18590.96989908
2023-05-11,26702.0,27649.85,27621.5,26986.56,13438.74631738
2023-05-12,25810.0,27099.21,26986.79,26808.84,18458.49543497
2023-05-13,26700.0,27060.24,26808.8,26789.48,4782.64422745
2023-05-14,26581.52,27221.51,26786.99,26929.98,4393.20531359
2023-05-15,26740.95,27678.73,26929.98,27171.13,11889.94842508
2023-05-16,26860.12,27302.99,27165.26,27037.68,11209.90767959
2023-05-17,26543.87,27516.58,27037.72,27407.77,13308.63176925
2023-05-18,26361.52,27487.71,27407.76,26820.49,12604.94858584
2023-05-19,26632.73,27190.35,26819.64,26890.27,7587.52629065
2023-05-20,26836.21,27178.99,26890.27,27113.61,3127.42757901
2023-05-21,26667.63,27288.02,27113.97,26752.65,5534.52475759
2023-05-22,26536.99,27105.63,26751.0,26854.73,8554.42214009
2023-05-23,26803.46,27500.0,26854.09,27223.22,11594.53703302
2023-05-24,26070.04,27225.0,27222.86,26321.4,17337.44431587
2023-05-25,25864.35,26625.93,26321.42,26479.06,12094.45706071
2023-05-26,26334.33,26950.0,26479.15,26714.86,9858.60032184
2023-05-27,26559.96,26943.6,26711.56,26867.99,3348.37908169
2023-05-28,26780.11,28277.56,26870.13,28070.04,9725.64198967
2023-05-29,27534.81,28473.93,28070.04,27744.82,11355.24110493
2023-05-30,27555.0,28057.23,27744.81,27700.15,12024.43059692
2023-05-31,26842.94,27844.89,27700.68,27223.08,15163.06255735
2023-06-01,26615.0,27360.31,27221.54,26828.42,11927.59445097
2023-06-02,26508.0,27307.44,26827.73,27250.69,12206.16873203
2023-06-03,26923.35,27341.13,27252.67,27077.6,3589.32341986
2023-06-04,26958.98,27466.83,27078.27,27122.04,4115.09881956
2023-06-05,25391.43,27137.75,27122.03,25741.5,16641.46931851
2023-06-06,25351.92,27368.67,25741.5,27243.63,18531.05925936
2023-06-07,26121.06,27402.79,27243.45,26346.41,16094.36989743
2023-06-08,26212.63,26820.3,26347.09,26508.32,8160.84833962
2023-06-09,26283.5,26780.4,26505.71,26482.81,10536.83247431
2023-06-10,25385.52,26534.95,26482.8,25856.1,16967.73205546
2023-06-11,25648.0,26219.1,25856.1,25937.02,8653.83803604
2023-06-12,25616.98,26108.64,25936.98,25905.82,10491.06768405
2023-06-13,25710.78,26435.81,25905.99,25930.23,14396.74678337
2023-06-14,24821.0,26090.0,25929.35,25123.34,14480.51749351
2023-06-15,24750.0,25749.99,25123.41,25569.99,18601.18891862
2023-06-16,25143.24,26486.56,25569.99,26329.6,16632.7425402
2023-06-17,26165.98,26783.2,26329.6,26506.56,7209.4251028
2023-06-18,26245.27,26693.11,26507.97,26336.46,5233.68378154
2023-06-19,26250.0,27040.64,26336.46,26837.78,9643.06748389
2023-06-20,26637.41,28417.11,26839.04,28320.43,28704.55295587
2023-06-21,28271.67,30800.0,28320.41,29995.08,31445.78143275
2023-06-22,29539.57,30513.25,29999.85,29886.31,18457.66785815
2023-06-23,29802.65,31443.67,29886.25,30707.61,22659.54058513
2023-06-24,30265.88,30815.92,30709.59,30547.18,6883.28318615
2023-06-25,30288.33,31057.86,30547.3,30480.24,6265.47434464
2023-06-26,29900.0,30662.66,30480.24,30272.18,12491.83081677
2023-06-27,30228.44,31020.54,30272.24,30697.38,11995.526853
2023-06-28,29840.0,30716.93,30696.06,30074.94,9391.66542094
2023-06-29,30036.18,30838.0,30074.93,30446.47,12261.34048625
2023-06-30,29417.14,31277.0,30445.67,30466.72,26013.22734909
2023-07-01,30312.8,30659.33,30466.73,30587.21,4012.76538882
2023-07-02,30165.39,30791.75,30587.22,30613.51,4829.83871313
2023-07-03,30569.0,31399.08,30613.57,31161.8,11391.98257522
2023-07-04,30628.3,31333.0,31162.71,30771.25,7233.95188576
2023-07-05,30189.56,30882.95,30772.93,30499.27,8782.6192239
2023-07-06,29850.0,31525.1,30499.27,29899.38,17229.92231032
2023-07-07,29715.87,30456.0,29895.6,30352.08,11137.14221055
2023-07-08,30047.78,30388.91,30350.35,30291.69,3856.11078847
2023-07-09,30066.95,30451.78,30291.69,30168.38,3884.04687903
2023-07-10,29955.0,31055.75,30168.26,30419.89,12703.78162563
2023-07-11,30304.45,30811.65,30419.89,30626.55,10653.5761104
2023-07-12,30200.0,31000.0,30624.65,30381.81,14881.70511963
2023-07-13,30250.73,31862.21,30383.26,31471.83,26135.6192364
2023-07-14,29920.31,31645.66,31471.83,30330.52,19272.20339271
2023-07-15,30254.67,30406.27,30330.93,30301.65,2559.07232743
2023-07-16,30075.93,30457.03,30302.01,30247.64,4021.41012275
2023-07-17,29668.58,30345.45,30247.56,30143.08,10632.8066781
2023-07-18,29525.0,30249.3,30143.08,29861.93,11124.83936583
2023-07-19,29757.44,30196.24,29861.92,29916.72,8804.54675154
2023-07-20,29564.19,30421.29,29916.69,29809.13,11494.95348803
2023-07-21,29729.48,30060.28,29809.13,29907.98,7597.8102674
2023-07-22,29626.86,30002.38,29907.15,29795.03,3629.48251055
2023-07-23,29733.55,30350.7,29793.62,30081.61,4513.83214295
2023-07-24,28850.0,30099.99,30081.61,29176.98,14484.27543962
2023-07-25,29046.0,29376.51,29176.98,29225.14,7139.21073686
2023-07-26,29089.54,29686.41,29225.11,29353.23,9635.03503236
2023-07-27,29075.0,29571.42,29350.88,29214.92,7327.29083361
2023-07-28,29115.32,29532.45,29214.93,29316.15,7104.73639515
2023-07-29,29253.44,29411.09,29316.05,29355.71,2893.05298823
2023-07-30,29230.0,29450.0,29356.65,29395.69,2077.09873073
